breed,breed_suffix,replicate_num,n_founders,n_males,n_females,total_alleles,alleles_per_locus,expected_heterozygosity,observed_heterozygosity,effective_alleles,fis,fis_global,mean_outlier_index,mean_internal_relatedness,mean_avg_genetic_relatedness
Doberman Pinscher,dp,1,200,100,100,207,6.2727,0.50792,0.48121,2.3139,0.04888,0.05258,0.229,0.05527,-0.038743
Doberman Pinscher,dp,2,200,100,100,199,6.0303,0.50902,0.50455,2.3377,0.01918,0.00879,0.23288,0.01203,-0.009485
Doberman Pinscher,dp,3,200,100,100,199,6.0303,0.50258,0.47697,2.3033,0.04494,0.05095,0.23474,0.05537,-0.041589
Doberman Pinscher,dp,4,200,100,100,194,5.8788,0.50113,0.4847,2.3039,0.03395,0.0328,0.215,0.03557,-0.027548
Doberman Pinscher,dp,5,200,100,100,194,5.8788,0.50424,0.47985,2.326,0.04959,0.04837,0.2542,0.05196,-0.037301
Doberman Pinscher,dp,6,200,100,100,183,5.5455,0.49997,0.47939,2.2991,0.03997,0.04116,0.26684,0.04378,-0.03322
Doberman Pinscher,dp,7,200,100,100,196,5.9394,0.50384,0.4803,2.3055,0.04261,0.04671,0.23762,0.05001,-0.037584
Doberman Pinscher,dp,8,200,100,100,198,6.0,0.50655,0.47879,2.3272,0.0474,0.0548,0.26076,0.05723,-0.042566
Doberman Pinscher,dp,9,200,100,100,201,6.0909,0.50274,0.48561,2.3054,0.03486,0.03409,0.24412,0.03702,-0.029017
Doberman Pinscher,dp,10,200,100,100,195,5.9091,0.5054,0.48152,2.3121,0.04884,0.04725,0.24392,0.04923,-0.037961
Doberman Pinscher,dp,11,200,100,100,198,6.0,0.50289,0.485,2.3219,0.03268,0.03557,0.2241,0.03863,-0.028395
Doberman Pinscher,dp,12,200,100,100,205,6.2121,0.50472,0.48667,2.3268,0.03202,0.03577,0.24073,0.03823,-0.029115
Doberman Pinscher,dp,13,200,100,100,189,5.7273,0.50072,0.485,2.2857,0.03039,0.0314,0.23274,0.03455,-0.023923
Doberman Pinscher,dp,14,200,100,100,208,6.303,0.50761,0.48197,2.34,0.0435,0.05051,0.22878,0.0535,-0.038675
Doberman Pinscher,dp,15,200,100,100,195,5.9091,0.50961,0.48924,2.3302,0.03506,0.03996,0.23043,0.0435,-0.034273
Doberman Pinscher,dp,16,200,100,100,205,6.2121,0.50817,0.49742,2.3362,0.01614,0.02114,0.21238,0.0242,-0.020553
Doberman Pinscher,dp,17,200,100,100,191,5.7879,0.50479,0.47879,2.3272,0.04926,0.05151,0.23903,0.0549,-0.040243
Doberman Pinscher,dp,18,200,100,100,191,5.7879,0.50462,0.48955,2.3282,0.02946,0.02987,0.23305,0.03267,-0.027321
Doberman Pinscher,dp,19,200,100,100,207,6.2727,0.50457,0.47894,2.3209,0.0462,0.05079,0.22983,0.05386,-0.041069
Doberman Pinscher,dp,20,200,100,100,201,6.0909,0.50615,0.48409,2.333,0.03669,0.04358,0.22747,0.04726,-0.034069
Doberman Pinscher,dp,21,200,100,100,196,5.9394,0.50342,0.48212,2.3158,0.04321,0.04231,0.22908,0.04568,-0.034709
Doberman Pinscher,dp,22,200,100,100,199,6.0303,0.50505,0.49152,2.3139,0.02826,0.0268,0.23244,0.02944,-0.022062
Doberman Pinscher,dp,23,200,100,100,184,5.5758,0.51019,0.49242,2.3411,0.03417,0.03482,0.23157,0.03764,-0.025876
Doberman Pinscher,dp,24,200,100,100,203,6.1515,0.50405,0.49197,2.3174,0.02602,0.02398,0.21414,0.02743,-0.021641
Doberman Pinscher,dp,25,200,100,100,206,6.2424,0.5062,0.49212,2.3296,0.03002,0.02782,0.21193,0.03055,-0.024247
Doberman Pinscher,dp,26,200,100,100,194,5.8788,0.50665,0.48561,2.3246,0.0396,0.04154,0.24695,0.04479,-0.033236
Doberman Pinscher,dp,27,200,100,100,210,6.3636,0.50589,0.47864,2.3272,0.05145,0.05388,0.22636,0.05618,-0.039151
Doberman Pinscher,dp,28,200,100,100,190,5.7576,0.4986,0.4747,2.3002,0.04718,0.04794,0.21707,0.05078,-0.037693
Doberman Pinscher,dp,29,200,100,100,194,5.8788,0.5038,0.48121,2.327,0.04465,0.04484,0.21324,0.04699,-0.034775
Doberman Pinscher,dp,30,200,100,100,194,5.8788,0.50484,0.48636,2.3207,0.04049,0.0366,0.22927,0.03836,-0.028854
Doberman Pinscher,dp,31,200,100,100,196,5.9394,0.50182,0.48288,2.316,0.0408,0.03775,0.21697,0.04139,-0.030504
Doberman Pinscher,dp,32,200,100,100,197,5.9697,0.49829,0.48288,2.2964,0.03034,0.03093,0.21955,0.03407,-0.024461
Doberman Pinscher,dp,33,200,100,100,197,5.9697,0.50017,0.47924,2.3085,0.03518,0.04183,0.21691,0.04415,-0.033311
Doberman Pinscher,dp,34,200,100,100,194,5.8788,0.4991,0.48318,2.3009,0.0323,0.03189,0.21311,0.03461,-0.025873
Doberman Pinscher,dp,35,200,100,100,196,5.9394,0.50203,0.48803,2.319,0.02548,0.02788,0.25976,0.03056,-0.024238
Doberman Pinscher,dp,36,200,100,100,196,5.9394,0.50669,0.48894,2.3287,0.03025,0.03503,0.23891,0.03852,-0.031867
Doberman Pinscher,dp,37,200,100,100,196,5.9394,0.50794,0.48697,2.3183,0.04125,0.04129,0.24197,0.04383,-0.033202
Doberman Pinscher,dp,38,200,100,100,194,5.8788,0.50126,0.47803,2.317,0.04041,0.04633,0.23061,0.04913,-0.035034
Doberman Pinscher,dp,39,200,100,100,202,6.1212,0.50126,0.48152,2.3025,0.04163,0.03939,0.20971,0.04128,-0.032494
Doberman Pinscher,dp,40,200,100,100,192,5.8182,0.5033,0.48288,2.3268,0.03809,0.04057,0.26884,0.04377,-0.032194
Doberman Pinscher,dp,41,200,100,100,202,6.1212,0.50322,0.47939,2.3102,0.04562,0.04734,0.21391,0.05103,-0.034656
Doberman Pinscher,dp,42,200,100,100,185,5.6061,0.50165,0.48167,2.3097,0.04564,0.03984,0.23397,0.04292,-0.032305
Doberman Pinscher,dp,43,200,100,100,190,5.7576,0.50018,0.49182,2.3077,0.01813,0.01672,0.25182,0.01893,-0.017095
Doberman Pinscher,dp,44,200,100,100,197,5.9697,0.50305,0.47848,2.3019,0.0454,0.04884,0.22784,0.05152,-0.038615
Doberman Pinscher,dp,45,200,100,100,193,5.8485,0.50675,0.48333,2.345,0.04421,0.04621,0.26141,0.0492,-0.035643
Doberman Pinscher,dp,46,200,100,100,197,5.9697,0.49556,0.47121,2.2818,0.04732,0.04913,0.24814,0.05086,-0.037528
Doberman Pinscher,dp,47,200,100,100,205,6.2121,0.50074,0.48045,2.3105,0.03808,0.04051,0.2154,0.04366,-0.034815
Doberman Pinscher,dp,48,200,100,100,196,5.9394,0.50187,0.48485,2.3148,0.03336,0.03393,0.24949,0.03672,-0.025322
Doberman Pinscher,dp,49,200,100,100,203,6.1515,0.50924,0.48258,2.3369,0.05124,0.05236,0.20732,0.05623,-0.04186
Doberman Pinscher,dp,50,200,100,100,203,6.1515,0.50778,0.48348,2.3191,0.04506,0.04784,0.22764,0.05153,-0.038208
Flat-Coated Retriever,fcr,1,200,100,100,169,5.1212,0.55401,0.55758,2.5648,-0.00947,-0.00644,0.4056,-0.00442,0.000776
Flat-Coated Retriever,fcr,2,200,100,100,166,5.0303,0.55425,0.55727,2.5539,-0.00169,-0.00546,0.39081,-0.00303,-0.000613
Flat-Coated Retriever,fcr,3,200,100,100,163,4.9394,0.55291,0.55576,2.5675,-0.00694,-0.00516,0.3792,-0.00286,-0.000316
Flat-Coated Retriever,fcr,4,200,100,100,165,5.0,0.5524,0.55273,2.5546,0.00396,-0.0006,0.39251,0.00147,-0.003337
Flat-Coated Retriever,fcr,5,200,100,100,168,5.0909,0.54803,0.55515,2.532,-0.00806,-0.01299,0.36258,-0.01075,0.004717
Flat-Coated Retriever,fcr,6,200,100,100,167,5.0606,0.55162,0.55697,2.5464,-0.00595,-0.00969,0.38648,-0.00779,0.002465
Flat-Coated Retriever,fcr,7,200,100,100,168,5.0909,0.55094,0.55106,2.5554,0.0103,-0.00022,0.36506,0.00206,-0.002998
Flat-Coated Retriever,fcr,8,200,100,100,169,5.1212,0.55405,0.56333,2.571,-0.01857,-0.01676,0.37672,-0.0151,0.005638
Flat-Coated Retriever,fcr,9,200,100,100,167,5.0606,0.55387,0.55697,2.555,-0.00165,-0.00559,0.39086,-0.00339,0.002178
Flat-Coated Retriever,fcr,10,200,100,100,168,5.0909,0.55306,0.55545,2.5621,-0.00537,-0.00434,0.4021,-0.00177,-0.001563
Flat-Coated Retriever,fcr,11,200,100,100,166,5.0303,0.55336,0.55848,2.5584,-0.00857,-0.00926,0.39022,-0.00692,0.001522
Flat-Coated Retriever,fcr,12,200,100,100,166,5.0303,0.55408,0.55621,2.566,-0.00221,-0.00385,0.39427,-0.00197,-0.000954
Flat-Coated Retriever,fcr,13,200,100,100,161,4.8788,0.55014,0.54894,2.5441,0.00441,0.00219,0.37791,0.00421,-0.003743
Flat-Coated Retriever,fcr,14,200,100,100,169,5.1212,0.552,0.56273,2.5406,-0.00886,-0.01943,0.3897,-0.01706,0.009934
Flat-Coated Retriever,fcr,15,200,100,100,164,4.9697,0.55022,0.55424,2.533,-0.00964,-0.00731,0.3682,-0.00508,-0.000265
Flat-Coated Retriever,fcr,16,200,100,100,162,4.9091,0.55038,0.55879,2.5484,-0.00716,-0.01529,0.38454,-0.0134,0.006675
Flat-Coated Retriever,fcr,17,200,100,100,169,5.1212,0.55305,0.55864,2.5707,-0.01096,-0.0101,0.38491,-0.00784,0.002449
Flat-Coated Retriever,fcr,18,200,100,100,165,5.0,0.55448,0.55788,2.5681,-0.00013,-0.00614,0.39716,-0.00337,-0.000382
Flat-Coated Retriever,fcr,19,200,100,100,163,4.9394,0.55217,0.5503,2.548,0.00586,0.00338,0.41375,0.00558,-0.005992
Flat-Coated Retriever,fcr,20,200,100,100,166,5.0303,0.55149,0.56015,2.5494,-0.01644,-0.0157,0.38292,-0.01309,0.003828
Flat-Coated Retriever,fcr,21,200,100,100,169,5.1212,0.55195,0.55561,2.5423,-0.00212,-0.00662,0.37323,-0.00461,0.001166
Flat-Coated Retriever,fcr,22,200,100,100,162,4.9091,0.55373,0.55515,2.5569,0.00067,-0.00256,0.39424,0.00036,-0.006561
Flat-Coated Retriever,fcr,23,200,100,100,166,5.0303,0.5574,0.56152,2.5736,-0.01031,-0.00738,0.39778,-0.00503,-0.000599
Flat-Coated Retriever,fcr,24,200,100,100,166,5.0303,0.55316,0.55394,2.5604,-0.00068,-0.00141,0.37896,0.00065,-0.00244
Flat-Coated Retriever,fcr,25,200,100,100,165,5.0,0.54806,0.54333,2.5216,0.01042,0.00863,0.38047,0.01108,-0.011858
Flat-Coated Retriever,fcr,26,200,100,100,170,5.1515,0.55601,0.55833,2.5677,0.00234,-0.00417,0.36437,-0.00169,-0.001895
Flat-Coated Retriever,fcr,27,200,100,100,169,5.1212,0.55176,0.55667,2.5506,-0.01103,-0.0089,0.38664,-0.00689,0.00251
Flat-Coated Retriever,fcr,28,200,100,100,171,5.1818,0.55522,0.55591,2.5675,-0.00317,-0.00125,0.38526,0.0008,-0.004463
Flat-Coated Retriever,fcr,29,200,100,100,168,5.0909,0.55096,0.55333,2.5427,-0.00025,-0.0043,0.37049,-0.00179,-0.001191
Flat-Coated Retriever,fcr,30,200,100,100,164,4.9697,0.5534,0.55136,2.5487,0.00472,0.00368,0.39561,0.00586,-0.00635
Flat-Coated Retriever,fcr,31,200,100,100,165,5.0,0.55079,0.55515,2.5318,-0.00362,-0.00792,0.37571,-0.00556,0.000303
Flat-Coated Retriever,fcr,32,200,100,100,164,4.9697,0.55343,0.55712,2.5662,-0.00327,-0.00668,0.3917,-0.00488,0.000316
Flat-Coated Retriever,fcr,33,200,100,100,169,5.1212,0.55304,0.55409,2.5484,-0.0036,-0.0019,0.36469,0.00045,-0.003775
Flat-Coated Retriever,fcr,34,200,100,100,166,5.0303,0.55287,0.55348,2.5722,0.00643,-0.00111,0.37673,0.001,-9e-05
Flat-Coated Retriever,fcr,35,200,100,100,168,5.0909,0.55535,0.56136,2.5648,-0.0079,-0.01082,0.39286,-0.00894,0.001643
Flat-Coated Retriever,fcr,36,200,100,100,169,5.1212,0.54745,0.54697,2.5273,0.00124,0.00089,0.37878,0.00342,-0.003289
Flat-Coated Retriever,fcr,37,200,100,100,166,5.0303,0.55363,0.55621,2.5564,0.00538,-0.00466,0.36705,-0.00274,0.000216
Flat-Coated Retriever,fcr,38,200,100,100,169,5.1212,0.5552,0.55742,2.5695,-0.00205,-0.004,0.37929,-0.00229,-0.002002
Flat-Coated Retriever,fcr,39,200,100,100,167,5.0606,0.55303,0.55879,2.5472,-0.01094,-0.01042,0.38082,-0.00849,0.002127
Flat-Coated Retriever,fcr,40,200,100,100,167,5.0606,0.55426,0.55652,2.5643,0.00089,-0.00407,0.39024,-0.00201,-0.003121
Flat-Coated Retriever,fcr,41,200,100,100,166,5.0303,0.55144,0.55742,2.555,-0.01036,-0.01086,0.37182,-0.0085,0.002031
Flat-Coated Retriever,fcr,42,200,100,100,170,5.1515,0.5542,0.55439,2.5676,0.00333,-0.00035,0.38409,0.00162,-0.004206
Flat-Coated Retriever,fcr,43,200,100,100,166,5.0303,0.55352,0.55409,2.5687,0.00202,-0.00104,0.41742,0.00191,-0.005537
Flat-Coated Retriever,fcr,44,200,100,100,168,5.0909,0.54888,0.55015,2.5361,0.00343,-0.00231,0.38071,-0.00021,-0.001643
Flat-Coated Retriever,fcr,45,200,100,100,170,5.1515,0.55319,0.55667,2.562,-0.00294,-0.00629,0.40357,-0.00421,-0.000565
Flat-Coated Retriever,fcr,46,200,100,100,169,5.1212,0.55026,0.54636,2.5467,0.00802,0.00708,0.38928,0.00922,-0.009335
Flat-Coated Retriever,fcr,47,200,100,100,167,5.0606,0.55409,0.55788,2.5633,-0.0096,-0.00684,0.38568,-0.00448,-0.000307
Flat-Coated Retriever,fcr,48,200,100,100,165,5.0,0.54808,0.55712,2.5319,-0.00936,-0.0165,0.36117,-0.01424,0.006296
Flat-Coated Retriever,fcr,49,200,100,100,168,5.0909,0.55388,0.56152,2.5714,-0.016,-0.01378,0.39283,-0.01108,0.006252
Flat-Coated Retriever,fcr,50,200,100,100,167,5.0606,0.55087,0.55455,2.5436,-0.00724,-0.00667,0.37421,-0.00437,-0.001036
Standard Poodle,sp,1,200,100,100,280,8.4848,0.70732,0.6947,3.809,0.01915,0.01784,0.30835,0.01914,-0.013983
Standard Poodle,sp,2,200,100,100,278,8.4242,0.7018,0.68697,3.7333,0.02242,0.02113,0.284,0.02261,-0.014371
Standard Poodle,sp,3,200,100,100,271,8.2121,0.70705,0.69303,3.845,0.021,0.01982,0.30586,0.02083,-0.01339
Standard Poodle,sp,4,200,100,100,268,8.1212,0.70688,0.70606,3.7755,0.00105,0.00116,0.30729,0.00203,-0.004704
Standard Poodle,sp,5,200,100,100,277,8.3939,0.70875,0.69576,3.8161,0.01883,0.01832,0.28352,0.01946,-0.013285
Standard Poodle,sp,6,200,100,100,276,8.3636,0.70388,0.69924,3.8084,0.00869,0.00659,0.29085,0.00814,-0.008112
Standard Poodle,sp,7,200,100,100,277,8.3939,0.69873,0.69121,3.7394,0.01048,0.01076,0.32008,0.01268,-0.010951
Standard Poodle,sp,8,200,100,100,278,8.4242,0.71314,0.69212,3.8441,0.03017,0.02947,0.27438,0.03059,-0.017184
Standard Poodle,sp,9,200,100,100,266,8.0606,0.70489,0.68833,3.8057,0.02549,0.02348,0.31488,0.02526,-0.014879
Standard Poodle,sp,10,200,100,100,279,8.4545,0.70755,0.69909,3.8375,0.01286,0.01196,0.31671,0.01337,-0.010146
Standard Poodle,sp,11,200,100,100,269,8.1515,0.7023,0.70152,3.7688,0.0027,0.00112,0.27832,0.00292,-0.004875
Standard Poodle,sp,12,200,100,100,275,8.3333,0.71265,0.69727,3.8856,0.02196,0.02158,0.30585,0.02299,-0.015418
Standard Poodle,sp,13,200,100,100,274,8.303,0.70518,0.69152,3.7832,0.02115,0.01937,0.28937,0.02031,-0.014486
Standard Poodle,sp,14,200,100,100,281,8.5152,0.70414,0.68591,3.788,0.02644,0.02589,0.29044,0.02805,-0.017266
Standard Poodle,sp,15,200,100,100,278,8.4242,0.69789,0.68439,3.7123,0.01911,0.01934,0.28548,0.02045,-0.014136
Standard Poodle,sp,16,200,100,100,278,8.4242,0.71232,0.70152,3.8754,0.01479,0.01516,0.29716,0.01667,-0.011792
Standard Poodle,sp,17,200,100,100,274,8.303,0.7039,0.69576,3.7824,0.01208,0.01157,0.2745,0.01324,-0.012067
Standard Poodle,sp,18,200,100,100,273,8.2727,0.71101,0.70212,3.8517,0.01332,0.01251,0.30235,0.01382,-0.009762
Standard Poodle,sp,19,200,100,100,273,8.2727,0.7043,0.69242,3.7922,0.01665,0.01686,0.3075,0.01847,-0.01254
Standard Poodle,sp,20,200,100,100,274,8.303,0.70854,0.68561,3.8692,0.03172,0.03237,0.30896,0.03369,-0.01941
Standard Poodle,sp,21,200,100,100,281,8.5152,0.70881,0.70288,3.8076,0.0086,0.00837,0.29798,0.00933,-0.008293
Standard Poodle,sp,22,200,100,100,275,8.3333,0.71175,0.695,3.8725,0.02564,0.02353,0.3212,0.02457,-0.01517
Standard Poodle,sp,23,200,100,100,272,8.2424,0.70258,0.70242,3.7513,0.00068,0.00021,0.3192,0.00163,-0.003844
Standard Poodle,sp,24,200,100,100,280,8.4848,0.70683,0.69197,3.7658,0.02009,0.02102,0.29883,0.02262,-0.01388
Standard Poodle,sp,25,200,100,100,278,8.4242,0.70819,0.69212,3.8376,0.02434,0.02269,0.2982,0.02427,-0.01362
Standard Poodle,sp,26,200,100,100,281,8.5152,0.71193,0.69939,3.8436,0.01775,0.01762,0.29856,0.01875,-0.013344
Standard Poodle,sp,27,200,100,100,280,8.4848,0.7101,0.69152,3.8738,0.02826,0.02618,0.30749,0.02732,-0.01677
Standard Poodle,sp,28,200,100,100,274,8.303,0.70024,0.69015,3.7694,0.0169,0.01441,0.30956,0.01615,-0.011186
Standard Poodle,sp,29,200,100,100,280,8.4848,0.70961,0.69076,3.8676,0.02846,0.02657,0.30504,0.02786,-0.015689
Standard Poodle,sp,30,200,100,100,275,8.3333,0.70763,0.69455,3.7913,0.01973,0.01849,0.29911,0.02,-0.011258
Standard Poodle,sp,31,200,100,100,278,8.4242,0.70636,0.68697,3.791,0.02797,0.02745,0.29681,0.02864,-0.020046
Standard Poodle,sp,32,200,100,100,280,8.4848,0.71731,0.6947,3.915,0.03181,0.03152,0.30882,0.0326,-0.020101
Standard Poodle,sp,33,200,100,100,277,8.3939,0.70856,0.69061,3.8215,0.02636,0.02533,0.3093,0.02632,-0.015994
Standard Poodle,sp,34,200,100,100,277,8.3939,0.7074,0.70303,3.7989,0.00753,0.00617,0.30183,0.00745,-0.007701
Standard Poodle,sp,35,200,100,100,274,8.303,0.71131,0.69439,3.821,0.0239,0.02379,0.31452,0.02538,-0.01637
Standard Poodle,sp,36,200,100,100,281,8.5152,0.70614,0.69348,3.7976,0.01815,0.01793,0.28999,0.01919,-0.013225
Standard Poodle,sp,37,200,100,100,284,8.6061,0.70616,0.68742,3.7995,0.02525,0.02653,0.26038,0.02791,-0.019227
Standard Poodle,sp,38,200,100,100,278,8.4242,0.70389,0.69439,3.779,0.01545,0.0135,0.28012,0.01469,-0.011911
Standard Poodle,sp,39,200,100,100,275,8.3333,0.70789,0.69924,3.8192,0.01378,0.01222,0.26647,0.01303,-0.009633
Standard Poodle,sp,40,200,100,100,275,8.3333,0.70798,0.69015,3.8418,0.02691,0.02518,0.295,0.02616,-0.015922
Standard Poodle,sp,41,200,100,100,270,8.1818,0.70321,0.685,3.7759,0.0284,0.0259,0.29508,0.02771,-0.016239
Standard Poodle,sp,42,200,100,100,278,8.4242,0.70168,0.68985,3.7295,0.01688,0.01686,0.29315,0.0184,-0.012233
Standard Poodle,sp,43,200,100,100,278,8.4242,0.7138,0.70242,3.8892,0.01554,0.01594,0.30554,0.0172,-0.011238
Standard Poodle,sp,44,200,100,100,278,8.4242,0.70511,0.69621,3.7683,0.01212,0.01261,0.2895,0.01411,-0.010775
Standard Poodle,sp,45,200,100,100,272,8.2424,0.70638,0.69364,3.8017,0.01936,0.01804,0.31666,0.01909,-0.012059
Standard Poodle,sp,46,200,100,100,278,8.4242,0.70573,0.69258,3.7779,0.02028,0.01864,0.32298,0.01967,-0.012993
Standard Poodle,sp,47,200,100,100,276,8.3636,0.70898,0.68773,3.834,0.0322,0.02997,0.28693,0.0314,-0.01886
Standard Poodle,sp,48,200,100,100,282,8.5455,0.71158,0.69879,3.8536,0.01889,0.01798,0.2924,0.01944,-0.01295
Standard Poodle,sp,49,200,100,100,280,8.4848,0.70222,0.685,3.7414,0.02593,0.02452,0.28403,0.02584,-0.015054
Standard Poodle,sp,50,200,100,100,277,8.3939,0.70817,0.70076,3.8158,0.01186,0.01046,0.30775,0.01148,-0.008314
