study_code,mcb_pct,oi,agr
SP001,62.98,0.1531,0.0063
SP002,71.75,0.2088,-0.0967
SP003,58.52,0.1818,0.0542
SP004,59.01,0.1677,0.0471
SP005,39.77,0.3369,-0.0432
SP006,65.17,0.1788,-0.0126
SP007,60.18,0.1909,-0.0003
SP008,61.11,0.1677,0.0664
SP009,62.02,0.1848,0.0307
SP010,33.14,0.2996,-0.0051
SP011,32.22,0.2909,-0.0427
SP012,59.08,0.1677,-0.0044
SP013,60.0,0.2909,-0.0622
SP014,49.32,0.2304,-0.0385
SP015,66.8,0.2054,-0.0299
SP016,73.18,0.1338,0.063
SP017,32.22,0.1483,0.0622
SP018,77.47,0.1677,0.0383
SP019,18.7,0.3887,-0.1106
SP020,45.22,0.2448,-0.0686
SP021,59.24,0.097,0.0866
SP022,60.03,0.165,0.0174
SP023,48.42,0.2812,-0.0116
SP024,73.96,0.097,0.0901
SP025,59.24,0.097,0.0815
SP026,17.3,0.4084,-0.0807
SP027,36.78,0.1705,0.0079
SP028,71.96,0.1623,0.0389
SP029,66.24,0.165,0.0224
SP030,53.83,0.1531,0.0169
SP031,31.69,0.4091,-0.1178
SP032,65.06,0.1115,0.0572
SP033,31.29,0.4773,-0.1422
SP034,35.15,0.1483,-0.0449
SP035,38.63,0.3154,-0.081
SP036,33.94,0.2611,-0.0738
SP037,58.37,0.2156,0.0519
SP038,23.24,0.47,-0.1387
SP039,29.23,0.5174,-0.117
SP040,59.24,0.1133,0.0784
SP041,61.78,0.0939,0.1137
SP042,33.94,0.2448,-0.0925
SP043,57.0,0.1317,0.0399
SP044,61.37,0.1507,0.0385
SP045,59.55,0.2488,0.0243
SP046,18.7,0.3614,-0.0943
SP047,71.89,0.2718,0.0141
SP048,47.08,0.2996,-0.0326
SP049,34.13,0.257,-0.0211
SP050,27.9,0.1555,-0.0013
SP051,69.14,0.2674,-0.0683
SP052,45.11,0.223,-0.0298
SP053,33.8,0.3259,-0.0461
SP054,35.15,0.1483,0.0385
SP055,56.57,0.2304,-0.0018
SP056,64.32,0.2304,0.0315
SP057,23.51,0.5025,-0.1608
SP058,26.32,0.3553,-0.0441
SP059,56.34,0.1705,0.0308
SP060,33.62,0.3491,-0.0899
SP061,75.44,0.1987,0.0297
SP062,36.61,0.4084,-0.1257
SP063,48.34,0.2861,0.0177
SP064,37.6,0.2155,-0.0783
SP065,58.67,0.2629,-0.0574
SP066,37.37,0.2304,0.0092
SP067,58.37,0.1879,0.037
SP068,58.37,0.2585,0.0295
SP069,76.49,0.1531,0.01
SP070,29.33,0.4318,-0.1102
SP071,30.04,0.2674,-0.0091
SP072,54.94,0.2674,0.0117
SP073,39.26,0.3675,-0.08
SP074,35.88,0.2529,-0.0341
SP075,56.32,0.223,0.0133
SP076,70.44,0.1507,-0.0141
SP077,66.37,0.202,0.0654
SP078,58.12,0.0782,0.0773
SP079,68.53,0.223,0.0126
SP080,51.37,0.202,0.0007
SP081,68.59,0.2304,0.0227
SP082,49.55,0.3821,-0.0446
SP083,52.71,0.2054,0.029
SP084,58.6,0.115,0.0563
SP085,63.09,0.223,-0.0208
SP086,59.83,0.1459,0.0247
SP087,52.34,0.1705,0.0523
SP088,34.94,0.3675,-0.1237
SP089,65.66,0.1435,0.0806
SP090,30.06,0.3259,-0.0898
SP091,66.37,0.1483,0.0667
SP092,64.47,0.2304,0.0569
SP093,48.81,0.3466,-0.0529
SP094,17.03,0.3239,-0.0487
SP095,57.79,0.2852,-0.0592
SP096,47.87,0.2267,0.0352
SP097,43.14,0.3887,-0.0843
SP098,40.39,0.3675,-0.1094
SP099,5.19,0.8699,-0.2206
SP100,35.53,0.3006,-0.0648
SP101,35.88,0.2718,-0.0187
SP102,35.81,0.5025,-0.0716
SP103,68.65,0.1879,0.0427
SP104,17.2,0.2407,-0.0641
SP105,54.97,0.3006,-0.0872
SP106,43.52,0.2529,0.004
SP107,66.76,0.2366,-0.0165
SP108,64.0,0.2529,0.0016
SP109,61.43,0.1848,-0.0661
SP110,51.83,0.1507,0.0688
SP111,74.93,0.1848,0.0403
SP112,62.39,0.1596,0.0001
SP113,40.94,0.1939,0.0018
SP114,32.69,0.2763,0.0008
SP115,34.6,0.4863,-0.0913
SP116,41.65,0.4457,-0.0434
SP117,52.62,0.1953,0.039
SP118,45.67,0.1848,-0.0194
SP119,44.41,0.2909,-0.0035
SP120,35.82,0.1317,-0.0047
SP121,62.27,0.1879,0.0615
SP122,43.48,0.2958,-0.0225
SP123,47.37,0.257,-0.0211
SP124,45.67,0.1275,0.0487
SP125,29.27,0.3312,-0.0588
SP126,17.3,0.5187,-0.1624
SP127,54.7,0.2488,-0.0573
SP128,58.02,0.1818,0.0599
SP129,48.78,0.2958,-0.0762
SP130,37.37,0.2861,0.0005
SP131,30.44,0.4545,-0.0688
SP132,59.55,0.115,0.0279
SP133,44.42,0.2341,0.0216
SP134,50.43,0.2958,-0.0692
SP135,53.86,0.1758,0.0107
SP136,66.08,0.1788,0.0266
SP137,35.82,0.1879,-0.008
SP138,60.47,0.2764,-0.0143
SP139,58.65,0.1296,0.0569
SP140,82.03,0.1555,0.042
SP141,51.83,0.1705,0.0504
SP142,43.91,0.2629,-0.0287
SP143,17.3,0.415,-0.1335
SP144,36.67,0.202,-0.0422
SP145,74.46,0.2054,0.0285
SP146,38.0,0.2861,-0.0408
SP147,66.17,0.1909,0.006
SP148,33.62,0.2764,-0.0672
SP149,49.92,0.3821,-0.133
SP150,59.55,0.2267,0.0279
SP151,68.94,0.3207,-0.0626
SP152,25.17,0.47,-0.1262
SP153,29.67,0.2407,-0.0238
SP154,71.73,0.1388,0.0253
SP155,48.17,0.2812,-0.0366
SP156,35.56,0.2812,-0.0204
SP157,68.08,0.2407,-0.0193
SP158,51.46,0.2585,0.0109
SP159,38.5,0.4018,-0.0851
SP160,51.37,0.2909,-0.0024
SP161,25.17,0.2488,-0.0424
SP162,59.7,0.2366,0.053
SP163,31.69,0.2496,-0.0286
SP164,35.88,0.2718,-0.0283
SP165,41.15,0.3103,-0.0426
SP166,48.03,0.254,0.0109
SP167,62.46,0.2054,0.0062
SP168,33.96,0.1879,-0.0365
SP169,32.3,0.3103,-0.0671
SP170,29.75,0.2674,-0.0371
SP171,52.63,0.0795,0.002
SP172,44.7,0.1677,0.0984
SP173,53.87,0.1531,0.0104
SP174,65.99,0.1788,0.0794
SP175,48.23,0.1338,0.0229
SP176,19.37,0.2448,0.0211
SP177,31.49,0.2088,-0.0081
SP178,23.87,0.2407,-0.0484
SP179,33.44,0.5025,-0.1558
SP180,65.49,0.2629,-0.0157
SP181,56.96,0.254,-0.0417
SP182,50.26,0.2763,-0.0563
SP183,56.48,0.2488,-0.0152
SP184,64.47,0.1435,0.0672
SP185,33.62,0.3295,-0.1213
SP186,74.46,0.1483,0.076
SP187,60.7,0.2341,0.0005
SP188,40.39,0.3006,-0.0499
SP189,62.62,0.202,0.0178
SP190,38.66,0.4697,-0.12
SP191,74.08,0.2763,0.0376
SP192,31.16,0.6084,-0.1623
SP193,57.19,0.3466,-0.0389
SP194,51.35,0.2529,-0.0673
SP195,42.54,0.3466,-0.027
SP196,17.3,0.4697,-0.1447
SP197,66.7,0.2088,0.0305
SP198,35.56,0.1909,0.0167
SP199,17.49,0.4773,-0.1425
SP200,74.6,0.2155,0.0042
SP201,80.38,0.1133,0.0797
SP202,46.37,0.2909,-0.0139
SP203,61.3,0.2629,-0.0378
SP204,20.44,0.5614,-0.1723
SP205,25.17,0.3821,-0.1571
SP206,59.82,0.2812,-0.0746
SP207,39.76,0.2861,0.0109
SP208,33.94,0.2121,-0.0693
SP209,64.75,0.1596,0.0139
SP210,46.86,0.2304,-0.0332
SP211,38.95,0.4242,-0.1015
SP212,45.21,0.223,-0.0148
SP213,32.14,0.3154,-0.0492
SP214,55.31,0.1818,0.0378
SP215,57.13,0.2674,-0.0301
SP216,33.94,0.3259,-0.0333
SP217,36.97,0.3125,-0.0671
SP218,71.65,0.2088,0.0144
SP219,55.77,0.1848,-0.0415
SP220,29.27,0.3207,-0.0762
SP221,59.04,0.2448,-0.0164
SP222,44.52,0.4863,-0.1516
SP223,69.87,0.2909,-0.0445
SP224,50.27,0.3523,-0.1192
SP225,56.34,0.2958,-0.0393
SP226,43.72,0.3295,-0.1865
SP227,63.47,0.1115,0.0728
SP228,64.23,0.2193,0.0032
SP229,54.4,0.2088,0.0385
SP230,19.87,0.7244,-0.2223
SP231,42.71,0.2807,-0.0451
SP232,32.22,0.3006,-0.0502
SP233,74.55,0.1435,0.0266
SP234,46.55,0.2674,-0.0295
SP235,34.8,0.3736,-0.0652
SP236,74.55,0.1507,0.0456
SP237,46.85,0.3409,-0.0827
SP238,59.65,0.1296,0.0511
SP239,29.89,0.3409,-0.0301
SP240,38.9,0.2341,-0.0863
SP241,65.92,0.2674,0.0087
SP242,73.97,0.1483,0.0846
SP243,17.49,0.5728,-0.1796
SP244,27.69,0.2958,-0.0426
SP245,51.57,0.2958,-0.0502
SP246,21.53,0.3006,-0.1191
SP247,43.57,0.2861,0.0104
SP248,15.41,0.3614,-0.0753
SP249,63.0,0.0635,0.0676
SP250,74.38,0.1705,0.0127
SP251,62.08,0.202,0.0033
SP252,56.57,0.2,-0.0214
SP253,66.33,0.0758,0.1149
SP254,60.96,0.1909,0.0111
SP255,73.29,0.2118,0.0311
SP256,42.78,0.1879,-0.0362
SP257,67.91,0.2529,-0.0332
SP258,17.49,0.3103,-0.0837
SP259,34.8,0.4384,-0.079
SP260,72.42,0.1879,-0.0008
SP261,42.98,0.3409,-0.0879
SP262,66.34,0.2088,0.0853
SP263,27.64,0.2674,-0.0195
SP264,60.28,0.2585,-0.055
SP265,63.9,0.1275,0.0547
SP266,35.72,0.2448,-0.022
SP267,73.29,0.1953,0.003
SP268,54.29,0.2088,0.0044
SP269,67.57,0.2155,0.0006
SP270,64.73,0.1909,0.0384
SP271,38.44,0.3154,-0.0822
SP272,67.68,0.2054,0.0229
SP273,66.94,0.2718,0.0065
SP274,65.83,0.1133,0.0939
SP275,56.57,0.2121,0.0019
SP276,51.87,0.1507,0.0295
SP277,41.59,0.3101,-0.0747
SP278,15.41,0.3614,-0.1365
SP279,71.19,0.1705,0.0253
SP280,71.96,0.223,0.0705
SP281,72.72,0.2718,-0.0112
SP282,45.54,0.1732,0.0503
SP283,66.28,0.1483,0.0269
SP284,36.26,0.3006,-0.1126
SP285,30.12,0.4172,-0.1134
SP286,79.06,0.2054,-0.0462
SP287,37.38,0.3364,-0.0652
SP288,49.82,0.1848,0.06
SP289,47.71,0.3259,-0.0266
SP290,47.24,0.2812,-0.0143
SP291,45.21,0.3006,-0.0629
SP292,57.36,0.2267,-0.0718
SP293,66.49,0.1338,0.068
SP294,49.32,0.223,-0.0134
SP295,70.22,0.1623,-0.0004
SP296,42.99,0.2909,-0.0576
SP297,35.82,0.1459,-0.0186
SP298,23.24,0.2674,-0.0214
SP299,51.71,0.1909,-0.0061
SP300,57.65,0.3553,-0.0461
SP301,51.46,0.2812,-0.0133
SP302,35.88,0.165,0.019
SP303,55.26,0.1987,0.0293
SP304,69.43,0.1848,-0.0057
SP305,42.77,0.2054,0.0203
SP306,57.32,0.1275,0.0567
SP307,27.9,0.1759,0.004
SP308,34.86,0.2861,-0.0183
SP309,54.22,0.2156,0.0233
SP310,55.77,0.1677,0.0352
SP311,53.84,0.165,0.0352
SP312,34.6,0.3953,-0.056
SP313,61.22,0.1909,-0.0111
SP314,40.39,0.1939,-0.0412
SP315,49.92,0.3623,-0.0801
SP316,68.25,0.1275,0.0856
SP317,55.68,0.1879,0.0149
SP318,52.71,0.1818,0.0901
SP319,49.88,0.3755,-0.0839
SP320,54.85,0.165,0.0092
SP321,54.6,0.3006,-0.0936
SP322,52.48,0.1879,0.0277
SP323,57.22,0.2407,-0.0668
SP324,46.37,0.2909,0.0113
SP325,35.64,0.1623,0.038
SP326,57.1,0.3055,-0.0677
SP327,63.21,0.2448,0.0179
SP328,49.32,0.2407,0.0012
SP329,62.11,0.2674,-0.0311
SP330,43.38,0.223,-0.0456
SP331,38.48,0.4384,-0.1327
SP332,30.04,0.3466,-0.0303
SP333,18.7,0.3953,-0.1429
SP334,36.44,0.2341,0.007
SP335,42.71,0.1531,-0.0178
SP336,27.69,0.3859,-0.1316
SP337,56.57,0.2121,0.016
SP338,29.33,0.4172,-0.1045
SP339,65.19,0.1677,0.0048
SP340,67.17,0.2193,-0.0393
SP341,33.62,0.3689,-0.1168
SP342,44.08,0.3154,-0.0227
SP343,17.49,0.4282,-0.1295
SP344,71.42,0.1987,0.0573
SP345,17.3,0.4697,-0.1623
SP346,55.79,0.2958,-0.0223
SP347,46.17,0.2909,-0.0555
SP348,32.22,0.3523,-0.093
SP349,23.51,0.4018,-0.1167
SP350,56.07,0.1759,-0.0326
SP351,44.48,0.3295,-0.0701
SP352,60.29,0.1483,0.0438
SP353,39.85,0.2891,-0.0565
SP354,62.83,0.3557,-0.0611
SP355,67.56,0.1483,0.0139
SP356,43.4,0.2611,-0.0383
SP357,52.88,0.2812,-0.0326
SP358,44.52,0.3798,-0.0855
SP359,47.71,0.3207,-0.018
SP360,73.06,0.1677,0.0523
SP361,60.18,0.1848,0.0159
SP362,42.33,0.1115,-0.0092
SP363,17.3,0.3417,-0.0523
SP364,46.42,0.3409,-0.0106
SP365,62.3,0.2304,-0.0577
SP366,51.66,0.2909,0.0297
SP367,38.0,0.1939,-0.0199
SP368,28.91,0.4216,-0.1005
SP369,38.6,0.3409,-0.0996
SP370,35.81,0.4018,-0.0148
SP371,20.44,0.5318,-0.1279
SP372,58.04,0.2156,0.0056
SP373,60.9,0.2366,0.0338
SP374,45.07,0.1623,0.0714
SP375,32.14,0.3887,-0.0723
SP376,51.65,0.2674,0.0051
SP377,27.25,0.4172,-0.1128
SP378,73.29,0.1459,0.0578
SP379,17.49,0.582,-0.1865
SP380,71.83,0.2341,0.0019
SP381,25.17,0.2088,0.0066
SP382,23.24,0.4313,-0.1196
SP383,66.96,0.2629,0.0244
SP384,46.89,0.2121,-0.0694
SP385,62.05,0.2054,-0.0006
SP386,68.76,0.3614,-0.0253
SP387,72.28,0.2118,0.0062
SP388,49.81,0.2958,-0.0815
SP389,54.49,0.1296,0.0292
SP390,38.48,0.3675,-0.0909
SP391,23.39,0.3755,-0.0991
SP392,54.4,0.202,0.0098
SP393,25.17,0.2121,-0.0259
SP394,40.26,0.2861,-0.0382
SP395,40.26,0.2958,-0.0138
SP396,12.37,0.3466,-0.1483
SP397,43.61,0.3259,-0.0517
SP398,44.2,0.2652,-0.0548
SP399,13.46,0.4782,-0.1215
SP400,63.78,0.3352,-0.1074
SP401,68.48,0.3055,0.0015
SP402,50.77,0.2529,0.0173
SP403,42.71,0.3736,-0.0571
SP404,47.85,0.1317,0.1063
SP405,54.4,0.3207,-0.0227
SP406,62.4,0.1879,0.0495
SP407,54.59,0.2193,0.0097
SP408,33.62,0.3755,-0.0888
SP409,56.79,0.1848,0.0467
SP410,43.98,0.4538,-0.105
SP411,16.18,0.5636,-0.1226
SP412,60.96,0.2529,-0.0036
SP413,74.55,0.1296,0.0581
SP414,83.53,0.0795,0.0058
SP415,63.62,0.2366,-0.0239
SP416,30.4,0.1758,-0.0138
SP417,30.91,0.257,-0.0518
SP418,70.81,0.2407,0.0067
SP419,64.55,0.1848,-0.0173
SP420,81.28,0.1909,0.0646
SP421,34.06,0.2341,-0.0073
SP422,67.49,0.2156,-0.0566
SP423,43.48,0.4018,-0.0715
SP424,66.34,0.1677,0.0603
SP425,54.88,0.1338,0.0612
SP426,19.87,0.6399,-0.1664
SP427,49.32,0.2667,-0.0464
SP428,74.6,0.1705,0.0449
SP429,65.65,0.2996,-0.0241
SP430,73.29,0.2585,-0.0199
SP431,39.63,0.2718,-0.0554
SP432,45.7,0.2629,-0.0162
SP433,23.24,0.447,-0.2456
SP434,31.16,0.6189,-0.1186
SP435,32.22,0.2807,-0.0681
SP436,31.69,0.2996,-0.0705
SP437,64.73,0.1531,0.0756
SP438,42.16,0.3636,-0.0466
SP439,55.83,0.1275,-0.0486
SP440,25.17,0.3887,-0.0889
SP441,59.24,0.1296,0.0677
SP442,59.24,0.1296,0.0966
SP443,68.4,0.115,0.041
SP444,62.17,0.1818,-0.114
SP445,68.13,0.1919,-0.0211
SP446,53.89,0.1483,0.0637
SP447,59.64,0.1987,-0.0032
SP448,78.06,0.1507,0.0654
SP449,33.94,0.3466,-0.0244
SP450,61.89,0.2054,-0.0255
SP451,68.53,0.165,0.0279
SP452,41.51,0.223,0.0592
SP453,42.83,0.2763,-0.0535
SP454,34.13,0.2629,-0.0269
SP455,65.09,0.2088,0.057
SP456,40.82,0.3352,-0.0808
SP457,34.13,0.3259,-0.0724
SP458,49.32,0.4018,-0.066
SP459,42.09,0.2341,-0.0016
SP460,60.19,0.1677,0.0614
SP461,31.69,0.2861,-0.0526
SP462,48.09,0.2585,-0.0172
SP463,77.58,0.1818,0.0004
SP464,53.8,0.2193,0.0037
SP465,48.87,0.2054,-0.0163
SP466,31.2,0.6294,-0.1053
SP467,62.42,0.1097,0.0448
SP468,39.63,0.3417,-0.1118
SP469,77.93,0.097,0.0218
SP470,23.24,0.2611,-0.076
SP471,55.38,0.1115,0.0574
SP472,68.7,0.1705,0.0316
SP473,35.93,0.3006,0.0064
SP474,83.53,0.0807,0.0053
SP475,66.46,0.165,0.0373
SP476,27.6,0.2121,0.0384
SP477,43.17,0.4773,-0.0721
SP478,63.63,0.1732,0.0585
SP479,54.22,0.2155,0.0377
SP480,17.3,0.5025,-0.1647
SP481,52.71,0.1507,0.0233
SP482,52.3,0.3006,-0.0054
SP483,30.06,0.2996,-0.0203
SP484,70.16,0.2054,0.0452
SP485,82.03,0.097,0.0067
SP486,40.5,0.1879,-0.0009
SP487,70.46,0.1317,0.042
SP488,11.49,0.7125,-0.204
SP489,56.57,0.2304,-0.0485
SP490,68.49,0.2088,0.0641
SP491,58.21,0.1338,0.0561
SP492,66.47,0.2448,0.0207
SP493,58.65,0.223,-0.0008
SP494,66.37,0.1788,0.0456
SP495,48.49,0.2529,-0.0485
SP496,61.8,0.1732,0.0345
SP497,72.32,0.1186,0.0425
SP498,42.81,0.2054,0.0298
SP499,74.39,0.1097,0.0605
SP500,44.17,0.2267,-0.0266
SP501,62.33,0.2448,0.0382
SP502,36.78,0.2529,0.0121
SP503,71.55,0.1732,0.0767
SP504,41.43,0.1705,0.0562
SP505,35.72,0.2585,-0.008
SP506,35.6,0.4545,-0.0853
SP507,31.29,0.3859,-0.0954
SP508,59.55,0.2585,0.0002
SP509,44.42,0.2121,-0.0164
SP510,50.26,0.1909,-0.0341
SP511,27.87,0.2812,-0.0093
SP512,55.94,0.2054,0.0408
SP513,74.61,0.1879,0.0122
SP514,57.17,0.2267,-0.0257
SP515,33.62,0.2674,-0.0525
SP516,64.21,0.2407,0.0288
SP517,40.57,0.2909,-0.0417
SP518,74.64,0.2267,0.0013
SP519,42.71,0.2379,-0.1363
SP520,17.03,0.3887,-0.0694
SP521,63.9,0.0955,0.0555
SP522,69.2,0.2958,-0.0292
SP523,33.94,0.2529,-0.0652
SP524,59.29,0.1623,0.053
SP525,68.96,0.1909,0.0079
SP526,50.62,0.2304,0.006
SP527,66.9,0.0795,0.0367
SP528,75.85,0.0795,0.0195
SP529,23.24,0.3821,-0.083
SP530,65.95,0.2193,0.0103
SP531,65.51,0.1186,0.0237
SP532,75.0,0.2366,-0.0607
SP533,69.2,0.1705,0.0021
SP534,68.57,0.1435,0.0551
SP535,34.13,0.3614,-0.0913
SP536,64.7,0.2156,-0.014
SP537,58.13,0.2193,0.028
SP538,45.33,0.2996,-0.0047
SP539,55.26,0.254,0.0207
SP540,59.43,0.3409,-0.0703
SP541,64.61,0.1705,0.0966
SP542,77.49,0.0955,0.0822
SP543,56.24,0.2448,-0.0265
SP544,65.0,0.2407,0.0632
SP545,34.8,0.392,-0.1132
SP546,54.29,0.1677,0.0382
SP547,64.22,0.1818,0.0554
SP548,72.82,0.165,0.0678
SP549,63.04,0.2121,-0.0105
SP550,26.92,0.3049,-0.0642
SP551,44.92,0.2629,0.0265
SP552,38.63,0.2304,-0.0617
SP553,31.29,0.4455,-0.1411
SP554,54.29,0.2054,-0.0179
SP555,38.77,0.4384,-0.0596
SP556,26.32,0.47,-0.0893
SP557,52.05,0.1296,0.0352
SP558,47.87,0.1483,-0.0017
SP559,59.24,0.097,0.1045
SP560,58.42,0.1317,0.0385
SP561,37.21,0.3259,-0.0351
SP562,55.26,0.2861,-0.0771
SP563,27.69,0.4018,-0.0954
SP564,58.23,0.1531,0.0973
SP565,25.17,0.2488,-0.0243
SP566,31.53,0.254,-0.0388
SP567,35.88,0.3736,-0.0691
SP568,32.22,0.2304,-0.0259
SP569,38.63,0.2341,-0.0082
SP570,55.1,0.2958,0.0336
SP571,55.1,0.2341,0.0041
SP572,55.67,0.1732,0.0315
SP573,41.65,0.2629,0.0329
SP574,35.53,0.3006,-0.0587
SP575,25.17,0.2852,-0.0203
SP576,67.71,0.3207,0.0
SP577,47.71,0.2958,0.0194
SP578,68.65,0.1677,0.0143
SP579,28.22,0.2488,-0.0699
SP580,72.32,0.2121,-0.0212
SP581,34.63,0.1459,0.0014
SP582,55.42,0.1848,0.026
SP583,72.58,0.2448,0.023
SP584,68.08,0.223,-0.0221
SP585,54.87,0.1939,-0.0312
SP586,33.62,0.2996,-0.0316
SP587,39.89,0.3259,-0.0214
SP588,37.31,0.3352,0.0303
SP589,72.01,0.1705,0.0272
SP590,27.9,0.2267,0.0162
SP591,38.48,0.4084,-0.0542
SP592,59.65,0.1296,0.0477
SP593,32.25,0.202,-0.025
SP594,18.66,0.202,0.0142
SP595,62.98,0.1705,-0.0369
SP596,31.08,0.3675,-0.0569
SP597,50.35,0.1909,-0.0037
SP598,65.4,0.2267,-0.0357
SP599,60.61,0.1459,0.05
SP600,65.76,0.2088,-0.0431
SP601,70.24,0.1296,0.0244
SP602,52.82,0.6084,-0.1796
SP603,72.32,0.2488,-0.0717
SP604,56.8,0.165,-0.0121
SP605,70.49,0.0645,0.1195
SP606,68.58,0.2304,-0.0722
SP607,64.7,0.1133,0.1076
SP608,45.61,0.1507,0.024
SP609,18.7,0.4318,-0.1199
SP610,31.69,0.3689,-0.1067
SP611,38.63,0.4242,-0.1085
SP612,60.97,0.3049,-0.0112
SP613,17.03,0.2674,-0.0473
SP614,51.08,0.4172,-0.0929
SP615,34.97,0.3259,-0.1068
SP616,64.47,0.1097,0.0897
SP617,39.27,0.254,-0.0117
SP618,44.1,0.2267,0.0323
SP619,32.07,0.3259,-0.0848
SP620,72.15,0.1987,-0.015
SP621,60.51,0.2267,-0.0481
SP622,45.45,0.2718,0.0505
SP623,44.52,0.5368,-0.1267
SP624,54.05,0.115,0.0683
SP625,61.31,0.1483,0.0626
SP626,56.79,0.1987,0.055
SP627,51.37,0.3006,0.0023
SP628,27.69,0.447,-0.1675
SP629,37.21,0.2488,-0.0285
SP630,47.71,0.4242,-0.0588
SP631,35.0,0.5543,-0.1566
SP632,70.7,0.2341,-0.1031
