id,strategy,breed_suffix,breed_id,replicate_num,completed_at,pop_size,loci,gen0_he,gen20_he,he_delta,gen0_ho,gen20_ho,ho_delta,gen0_fis,gen20_fis,fis_delta,gen0_ne,gen20_ne,ne_delta,gen0_na,gen20_na,na_delta,gen0_total_alleles,gen20_total_alleles,total_alleles_delta,gen0_oi,gen20_oi,oi_delta,gen0_ir,gen20_ir,ir_delta,gen0_band_infr,gen20_band_infr,band_infr_delta,gen0_band_norm,gen20_band_norm,band_norm_delta,gen0_band_hfreq,gen20_band_hfreq,band_hfreq_delta
1,OI,sp,8,1,2026-07-11 11:10:50,200,33,0.7073,0.8634,0.1561,0.6947,0.8617,0.167,0.0191,0.0022,-0.0169,3.8089,7.9012,4.0923,8.48,8.12,-0.36,280,268,-12,0.308353,2.45443,2.14608,0.019143,0.003201,-0.015942,0.596429,0.04104,-0.555389,0.1,0.89925,0.79925,0.303571,0.0597,-0.243871
2,IR,sp,8,1,2026-07-11 11:12:48,200,33,0.7073,0.7613,0.054,0.6947,0.8302,0.1355,0.0191,-0.0916,-0.1107,3.8089,4.4717,0.6628,8.48,6.94,-1.54,280,229,-51,0.308353,0.377465,0.069112,0.019143,-0.090601,-0.109744,0.596429,0.46288,-0.133549,0.1,0.16157,0.06157,0.303571,0.37555,0.071979
3,AGR,sp,8,1,2026-07-11 11:15:42,200,33,0.7073,0.8652,0.1579,0.6947,0.8242,0.1295,0.0191,0.0484,0.0293,3.8089,8.0568,4.2479,8.48,8.18,-0.3,280,270,-10,0.308353,1.65637,1.34802,0.019143,0.048043,0.0289,0.596429,0.02593,-0.570499,0.1,0.95185,0.85185,0.303571,0.02222,-0.281351
4,RANDOM,sp,8,1,2026-07-11 11:17:40,200,33,0.7073,0.698,-0.0093,0.6947,0.6998,0.0051,0.0191,-0.0023,-0.0214,3.8089,3.656,-0.1529,8.48,6.55,-1.93,280,216,-64,0.308353,0.385236,0.076883,0.019143,-0.002667,-0.02181,0.596429,0.53241,-0.064019,0.1,0.14815,0.04815,0.303571,0.31944,0.015869
5,OI,sp,8,2,2026-07-11 11:22:39,200,33,0.7018,0.8615,0.1597,0.687,0.8612,0.1742,0.0224,0.0006,-0.0218,3.7335,7.8455,4.112,8.42,8.06,-0.36,278,266,-12,0.283999,2.51564,2.23164,0.022615,0.001301,-0.021314,0.600719,0.06767,-0.533049,0.086331,0.86466,0.778329,0.31295,0.06767,-0.24528
6,IR,sp,8,2,2026-07-11 11:24:37,200,33,0.7018,0.7642,0.0624,0.687,0.8385,0.1515,0.0224,-0.0979,-0.1203,3.7335,4.5116,0.7781,8.42,7.18,-1.24,278,237,-41,0.283999,0.436846,0.152847,0.022615,-0.096416,-0.119031,0.600719,0.46835,-0.132369,0.086331,0.19409,0.107759,0.31295,0.33755,0.0246
7,AGR,sp,8,2,2026-07-11 11:27:42,200,33,0.7018,0.8627,0.1609,0.687,0.8239,0.1369,0.0224,0.0455,0.0231,3.7335,7.9452,4.2117,8.42,8.09,-0.33,278,267,-11,0.283999,2.06526,1.78126,0.022615,0.0455,0.022885,0.600719,0.03371,-0.567009,0.086331,0.93633,0.849999,0.31295,0.02996,-0.28299
8,RANDOM,sp,8,2,2026-07-11 11:29:43,200,33,0.7018,0.6707,-0.0311,0.687,0.6741,-0.0129,0.0224,-0.005,-0.0274,3.7335,3.3838,-0.3497,8.42,6.52,-1.9,278,215,-63,0.283999,0.320613,0.036614,0.022615,-0.001635,-0.02425,0.600719,0.54419,-0.056529,0.086331,0.13488,0.048549,0.31295,0.32093,0.00798
9,OI,sp,8,3,2026-07-11 11:33:23,200,33,0.707,0.8613,0.1543,0.693,0.8565,0.1635,0.021,0.0056,-0.0154,3.845,7.8368,3.9918,8.21,8.03,-0.18,271,265,-6,0.305859,1.83887,1.53301,0.020828,0.00638,-0.014448,0.590406,0.03774,-0.552666,0.088561,0.91321,0.824649,0.321033,0.04906,-0.271973
10,IR,sp,8,3,2026-07-11 11:35:33,200,33,0.707,0.7691,0.0621,0.693,0.8456,0.1526,0.021,-0.1011,-0.1221,3.845,4.6143,0.7693,8.21,7.18,-1.03,271,237,-34,0.305859,0.419848,0.113989,0.020828,-0.098582,-0.11941,0.590406,0.46414,-0.126266,0.088561,0.17722,0.088659,0.321033,0.35865,0.037617
11,AGR,sp,8,3,2026-07-11 11:38:40,200,33,0.707,0.861,0.154,0.693,0.8211,0.1281,0.021,0.0471,0.0261,3.845,7.949,4.104,8.21,8.06,-0.15,271,266,-5,0.305859,1.43958,1.13372,0.020828,0.04701,0.026182,0.590406,0.01504,-0.575366,0.088561,0.97368,0.885119,0.321033,0.01128,-0.309753
12,RANDOM,sp,8,3,2026-07-11 11:40:41,200,33,0.707,0.6789,-0.0281,0.693,0.6774,-0.0156,0.021,0.0026,-0.0184,3.845,3.606,-0.239,8.21,6.79,-1.42,271,224,-47,0.305859,0.361571,0.055712,0.020828,0.004319,-0.016509,0.590406,0.54911,-0.041296,0.088561,0.13393,0.045369,0.321033,0.31696,-0.004073
13,OI,sp,8,4,2026-07-11 11:44:48,200,33,0.7069,0.8577,0.1508,0.7061,0.8612,0.1551,0.0011,-0.0038,-0.0049,3.7756,7.6457,3.8701,8.12,7.82,-0.3,268,258,-10,0.307294,1.48765,1.18036,0.002028,-0.002808,-0.004836,0.585821,0.04264,-0.543181,0.104478,0.8876,0.783122,0.309701,0.06977,-0.239931
14,IR,sp,8,4,2026-07-11 11:46:58,200,33,0.7069,0.7634,0.0565,0.7061,0.8295,0.1234,0.0011,-0.088,-0.0891,3.7756,4.5395,0.7639,8.12,6.82,-1.3,268,225,-43,0.307294,0.458245,0.150951,0.002028,-0.085036,-0.087064,0.585821,0.43556,-0.150261,0.104478,0.21333,0.108852,0.309701,0.35111,0.041409
15,AGR,sp,8,4,2026-07-11 11:50:00,200,33,0.7069,0.8571,0.1502,0.7061,0.8135,0.1074,0.0011,0.0519,0.0508,3.7756,7.612,3.8364,8.12,7.73,-0.39,268,255,-13,0.307294,1.51071,1.20342,0.002028,0.051705,0.049677,0.585821,0.01176,-0.574061,0.104478,0.96471,0.860232,0.309701,0.02353,-0.286171
16,RANDOM,sp,8,4,2026-07-11 11:52:04,200,33,0.7069,0.6952,-0.0117,0.7061,0.7042,-0.0019,0.0011,-0.0138,-0.0149,3.7756,3.5759,-0.1997,8.12,6.7,-1.42,268,221,-47,0.307294,0.369121,0.061827,0.002028,-0.010945,-0.012973,0.585821,0.53846,-0.047361,0.104478,0.15837,0.053892,0.309701,0.30317,-0.006531
17,OI,sp,8,5,2026-07-11 11:56:07,200,33,0.7087,0.8658,0.1571,0.6958,0.8658,0.17,0.0188,-0.0001,-0.0189,3.8162,7.9741,4.1579,8.39,8.21,-0.18,277,271,-6,0.283525,1.5212,1.23767,0.019465,0.001009,-0.018456,0.584838,0.06642,-0.518418,0.093863,0.88192,0.788057,0.3213,0.05166,-0.26964
18,IR,sp,8,5,2026-07-11 11:58:14,200,33,0.7087,0.7716,0.0629,0.6958,0.8433,0.1475,0.0188,-0.0941,-0.1129,3.8162,4.6704,0.8542,8.39,7.12,-1.27,277,235,-42,0.283525,0.413219,0.129694,0.019465,-0.093327,-0.112792,0.584838,0.48511,-0.099728,0.093863,0.14468,0.050817,0.3213,0.37021,0.04891
19,AGR,sp,8,5,2026-07-11 12:01:22,200,33,0.7087,0.863,0.1543,0.6958,0.8283,0.1325,0.0188,0.0409,0.0221,3.8162,7.9659,4.1497,8.39,8.12,-0.27,277,268,-9,0.283525,2.06209,1.77857,0.019465,0.040578,0.021113,0.584838,0.02612,-0.558718,0.093863,0.94776,0.853897,0.3213,0.02612,-0.29518
20,RANDOM,sp,8,5,2026-07-11 12:03:23,200,33,0.7087,0.6753,-0.0334,0.6958,0.6897,-0.0061,0.0188,-0.0197,-0.0385,3.8162,3.39,-0.4262,8.39,6.82,-1.57,277,225,-52,0.283525,0.39444,0.110915,0.019465,-0.018525,-0.03799,0.584838,0.53778,-0.047058,0.093863,0.18667,0.092807,0.3213,0.27556,-0.04574
21,OI,sp,8,6,2026-07-11 12:06:54,200,33,0.7039,0.8613,0.1574,0.6992,0.8667,0.1675,0.0087,-0.0068,-0.0155,3.8083,7.8329,4.0246,8.36,8.06,-0.3,276,266,-10,0.290853,1.49274,1.20189,0.008135,-0.004838,-0.012973,0.597826,0.06767,-0.530156,0.09058,0.84586,0.75528,0.311594,0.08647,-0.225124
22,IR,sp,8,6,2026-07-11 12:08:53,200,33,0.7039,0.7639,0.06,0.6992,0.8409,0.1417,0.0087,-0.1034,-0.1121,3.8083,4.5448,0.7365,8.36,6.79,-1.57,276,224,-52,0.290853,0.504364,0.213511,0.008135,-0.101508,-0.109643,0.597826,0.45089,-0.146936,0.09058,0.20089,0.11031,0.311594,0.34821,0.036616
23,AGR,sp,8,6,2026-07-11 12:11:51,200,33,0.7039,0.8578,0.1539,0.6992,0.8148,0.1156,0.0087,0.0508,0.0421,3.8083,7.7168,3.9085,8.36,7.88,-0.48,276,260,-16,0.290853,2.05491,1.76406,0.008135,0.051083,0.042948,0.597826,0.04231,-0.555516,0.09058,0.91923,0.82865,0.311594,0.03846,-0.273134
24,RANDOM,sp,8,6,2026-07-11 12:13:50,200,33,0.7039,0.6819,-0.022,0.6992,0.6862,-0.013,0.0087,-0.0063,-0.015,3.8083,3.5086,-0.2997,8.36,6.55,-1.81,276,216,-60,0.290853,0.408147,0.117294,0.008135,-0.002446,-0.010581,0.597826,0.5463,-0.051526,0.09058,0.14352,0.05294,0.311594,0.31019,-0.001404
25,OI,sp,8,7,2026-07-11 12:16:56,200,33,0.6987,0.8593,0.1606,0.6912,0.8645,0.1733,0.0105,-0.0057,-0.0162,3.7394,7.7425,4.0031,8.39,7.91,-0.48,277,261,-16,0.320079,1.30593,0.985851,0.012677,-0.005251,-0.017928,0.606498,0.04215,-0.564348,0.097473,0.91954,0.822067,0.296029,0.03831,-0.257719
26,IR,sp,8,7,2026-07-11 12:19:07,200,33,0.6987,0.7678,0.0691,0.6912,0.8333,0.1421,0.0105,-0.0883,-0.0988,3.7394,4.6831,0.9437,8.39,7.09,-1.3,277,234,-43,0.320079,0.427829,0.10775,0.012677,-0.085724,-0.098401,0.606498,0.45726,-0.149238,0.097473,0.19658,0.099107,0.296029,0.34615,0.050121
27,AGR,sp,8,7,2026-07-11 12:22:04,200,33,0.6987,0.8594,0.1607,0.6912,0.8161,0.1249,0.0105,0.0517,0.0412,3.7394,7.8336,4.0942,8.39,7.94,-0.45,277,262,-15,0.320079,1.80833,1.48825,0.012677,0.050862,0.038185,0.606498,0.0229,-0.583598,0.097473,0.97328,0.875807,0.296029,0.00382,-0.292209
28,RANDOM,sp,8,7,2026-07-11 12:23:59,200,33,0.6987,0.6852,-0.0135,0.6912,0.6818,-0.0094,0.0105,0.0039,-0.0066,3.7394,3.6252,-0.1142,8.39,6.79,-1.6,277,224,-53,0.320079,0.37146,0.051381,0.012677,0.00559,-0.007087,0.606498,0.53125,-0.075248,0.097473,0.15179,0.054317,0.296029,0.31696,0.020931
29,OI,sp,8,8,2026-07-11 12:26:51,200,33,0.7131,0.8634,0.1503,0.6921,0.868,0.1759,0.0302,-0.0053,-0.0355,3.8443,7.8563,4.012,8.42,8.06,-0.36,278,266,-12,0.27438,2.42934,2.15496,0.030591,-0.004232,-0.034823,0.589928,0.04511,-0.544818,0.082734,0.8985,0.815766,0.327338,0.05639,-0.270948
30,IR,sp,8,8,2026-07-11 12:28:53,200,33,0.7131,0.7642,0.0511,0.6921,0.8341,0.142,0.0302,-0.0936,-0.1238,3.8443,4.5158,0.6715,8.42,7.06,-1.36,278,233,-45,0.27438,0.384109,0.109729,0.030591,-0.090656,-0.121247,0.589928,0.4721,-0.117828,0.082734,0.15021,0.067476,0.327338,0.37768,0.050342
31,AGR,sp,8,8,2026-07-11 12:31:47,200,33,0.7131,0.8642,0.1511,0.6921,0.817,0.1249,0.0302,0.0555,0.0253,3.8443,7.9493,4.105,8.42,8.09,-0.33,278,267,-11,0.27438,1.89852,1.62414,0.030591,0.055155,0.024564,0.589928,0.02247,-0.567458,0.082734,0.94382,0.861086,0.327338,0.03371,-0.293628
32,RANDOM,sp,8,8,2026-07-11 12:33:49,200,33,0.7131,0.692,-0.0211,0.6921,0.6938,0.0017,0.0302,-0.0044,-0.0346,3.8443,3.6931,-0.1512,8.42,6.97,-1.45,278,230,-48,0.27438,0.355754,0.081374,0.030591,0.000044,-0.030547,0.589928,0.56522,-0.024708,0.082734,0.12609,0.043356,0.327338,0.3087,-0.018638
33,OI,sp,8,9,2026-07-11 18:01:05,200,33,0.7049,0.8576,0.1527,0.6883,0.8598,0.1715,0.0255,-0.0029,-0.0284,3.8056,7.5854,3.7798,8.06,7.76,-0.3,266,256,-10,0.314883,1.73944,1.42456,0.025262,-0.001807,-0.027069,0.586466,0.05469,-0.531776,0.097744,0.88672,0.788976,0.315789,0.05859,-0.257199
34,IR,sp,8,9,2026-07-11 18:04:20,200,33,0.7049,0.769,0.0641,0.6883,0.8471,0.1588,0.0255,-0.1041,-0.1296,3.8056,4.6555,0.8499,8.06,7,-1.06,266,231,-35,0.314883,0.487551,0.172668,0.025262,-0.102958,-0.12822,0.586466,0.4329,-0.153566,0.097744,0.22944,0.131696,0.315789,0.33766,0.021871
35,AGR,sp,8,9,2026-07-11 18:08:05,200,33,0.7049,0.8565,0.1516,0.6883,0.8185,0.1302,0.0255,0.0452,0.0197,3.8056,7.5515,3.7459,8.06,7.64,-0.42,266,252,-14,0.314883,1.27917,0.964287,0.025262,0.045184,0.019922,0.586466,0.0119,-0.574566,0.097744,0.96825,0.870506,0.315789,0.01984,-0.295949
36,RANDOM,sp,8,9,2026-07-11 18:09:13,200,33,0.7049,0.6852,-0.0197,0.6883,0.6779,-0.0104,0.0255,0.0107,-0.0148,3.8056,3.5441,-0.2615,8.06,6.67,-1.39,266,220,-46,0.314883,0.411329,0.096446,0.025262,0.013435,-0.011827,0.586466,0.54545,-0.041016,0.097744,0.16818,0.070436,0.315789,0.28636,-0.029429
37,OI,sp,8,10,2026-07-11 18:44:46,200,33,0.7076,0.8593,0.1517,0.6991,0.8603,0.1612,0.0129,-0.0012,-0.0141,3.8375,7.8468,4.0093,8.45,8,-0.45,279,264,-15,0.316712,1.32179,1.00508,0.013371,-0.000488,-0.013859,0.587814,0.0303,-0.557514,0.107527,0.93939,0.831863,0.304659,0.0303,-0.274359
38,IR,sp,8,10,2026-07-11 18:46:56,200,33,0.7076,0.7634,0.0558,0.6991,0.832,0.1329,0.0129,-0.092,-0.1049,3.8375,4.5354,0.6979,8.45,7.12,-1.33,279,235,-44,0.316712,0.427699,0.110987,0.013371,-0.089398,-0.102769,0.587814,0.45106,-0.136754,0.107527,0.19574,0.088213,0.304659,0.35319,0.048531
39,AGR,sp,8,10,2026-07-11 18:49:47,200,33,0.7076,0.8604,0.1528,0.6991,0.8133,0.1142,0.0129,0.0558,0.0429,3.8375,7.8798,4.0423,8.45,8,-0.45,279,264,-15,0.316712,1.5995,1.28279,0.013371,0.055535,0.042164,0.587814,0.01136,-0.576454,0.107527,0.95833,0.850803,0.304659,0.0303,-0.274359
40,RANDOM,sp,8,10,2026-07-11 19:26:09,200,33,0.7076,0.6956,-0.012,0.6991,0.7053,0.0062,0.0129,-0.0126,-0.0255,3.8375,3.7204,-0.1171,8.45,6.82,-1.63,279,225,-54,0.316712,0.385956,0.069244,0.013371,-0.0124,-0.025771,0.587814,0.52889,-0.058924,0.107527,0.16889,0.061363,0.304659,0.30222,-0.002439
41,OI,sp,8,11,2026-07-11 20:19:25,200,33,0.7023,0.8572,0.1549,0.7015,0.8597,0.1582,0.0027,-0.0028,-0.0055,3.7688,7.6574,3.8886,8.15,7.85,-0.3,269,259,-10,0.27832,1.86272,1.5844,0.002922,-0.001767,-0.004689,0.583643,0.05792,-0.525723,0.092937,0.88031,0.787373,0.32342,0.06178,-0.26164
42,IR,sp,8,11,2026-07-11 20:21:28,200,33,0.7023,0.7595,0.0572,0.7015,0.8323,0.1308,0.0027,-0.0998,-0.1025,3.7688,4.5592,0.7904,8.15,6.88,-1.27,269,227,-42,0.27832,0.417651,0.139331,0.002922,-0.095252,-0.098174,0.583643,0.43612,-0.147523,0.092937,0.22026,0.127323,0.32342,0.34361,0.02019
43,AGR,sp,8,11,2026-07-11 20:36:51,200,33,0.7023,0.8597,0.1574,0.7015,0.8173,0.1158,0.0027,0.0501,0.0474,3.7688,7.8052,4.0364,8.15,7.91,-0.24,269,261,-8,0.27832,1.95383,1.67551,0.002922,0.049897,0.046975,0.583643,0.01916,-0.564483,0.092937,0.97318,0.880243,0.32342,0.00766,-0.31576
44,RANDOM,sp,8,11,2026-07-11 20:44:50,200,33,0.7023,0.681,-0.0213,0.7015,0.6853,-0.0162,0.0027,-0.0074,-0.0101,3.7688,3.5875,-0.1813,8.15,6.76,-1.39,269,223,-46,0.27832,0.413334,0.135014,0.002922,-0.002883,-0.005805,0.583643,0.57399,-0.009653,0.092937,0.13004,0.037103,0.32342,0.29596,-0.02746
45,OI,sp,8,12,2026-07-11 20:47:42,200,33,0.7126,0.8605,0.1479,0.6973,0.8686,0.1713,0.0219,-0.0096,-0.0315,3.8855,7.7364,3.8509,8.33,7.94,-0.39,275,262,-13,0.305849,1.58202,1.27617,0.02299,-0.008137,-0.031127,0.589091,0.03817,-0.550921,0.094545,0.89695,0.802405,0.316364,0.06489,-0.251474
46,IR,sp,8,12,2026-07-11 20:53:11,200,33,0.7126,0.7705,0.0579,0.6973,0.8408,0.1435,0.0219,-0.0931,-0.115,3.8855,4.581,0.6955,8.33,6.97,-1.36,275,230,-45,0.305849,0.439475,0.133626,0.02299,-0.090924,-0.113914,0.589091,0.46087,-0.128221,0.094545,0.17826,0.083715,0.316364,0.36087,0.044506
47,AGR,sp,8,12,2026-07-11 20:56:46,200,33,0.7126,0.8627,0.1501,0.6973,0.8208,0.1235,0.0219,0.0496,0.0277,3.8855,7.8761,3.9906,8.33,7.97,-0.36,275,263,-12,0.305849,1.62664,1.32079,0.02299,0.04944,0.02645,0.589091,0.01141,-0.577681,0.094545,0.96958,0.875035,0.316364,0.01901,-0.297354
48,RANDOM,sp,8,12,2026-07-11 20:59:17,200,33,0.7126,0.6849,-0.0277,0.6973,0.688,-0.0093,0.0219,-0.006,-0.0279,3.8855,3.5572,-0.3283,8.33,7.03,-1.3,275,232,-43,0.305849,0.353075,0.047226,0.02299,-0.00321,-0.0262,0.589091,0.57759,-0.011501,0.094545,0.125,0.030455,0.316364,0.29741,-0.018954
49,OI,sp,8,13,2026-07-11 21:07:30,200,33,0.7052,0.859,0.1538,0.6915,0.8712,0.1797,0.0211,-0.0144,-0.0355,3.7831,7.797,4.0139,8.3,8,-0.3,274,264,-10,0.289366,2.08774,1.79837,0.020314,-0.013311,-0.033625,0.591241,0.03409,-0.557151,0.091241,0.90909,0.817849,0.317518,0.05682,-0.260698
50,IR,sp,8,13,2026-07-11 21:15:57,200,33,0.7052,0.7662,0.061,0.6915,0.8385,0.147,0.0211,-0.0956,-0.1167,3.7831,4.5488,0.7657,8.3,6.97,-1.33,274,230,-44,0.289366,0.46743,0.178064,0.020314,-0.095425,-0.115739,0.591241,0.43913,-0.152111,0.091241,0.24348,0.152239,0.317518,0.31739,-0.000128
51,AGR,sp,8,13,2026-07-11 21:19:03,200,33,0.7052,0.8595,0.1543,0.6915,0.8155,0.124,0.0211,0.0522,0.0311,3.7831,7.7867,4.0036,8.3,7.91,-0.39,274,261,-13,0.289366,2.15246,1.86309,0.020314,0.051737,0.031423,0.591241,0.03831,-0.552931,0.091241,0.94253,0.851289,0.317518,0.01916,-0.298358
52,RANDOM,sp,8,13,2026-07-11 21:20:42,200,33,0.7052,0.6841,-0.0211,0.6915,0.6856,-0.0059,0.0211,-0.0042,-0.0253,3.7831,3.5696,-0.2135,8.3,6.73,-1.57,274,222,-52,0.289366,0.386687,0.097321,0.020314,-0.001304,-0.021618,0.591241,0.54955,-0.041691,0.091241,0.14414,0.052899,0.317518,0.30631,-0.011208
53,OI,sp,8,14,2026-07-11 21:24:01,200,33,0.7041,0.8604,0.1563,0.6859,0.8605,0.1746,0.0264,0,-0.0264,3.788,7.8746,4.0866,8.52,8.06,-0.46,281,266,-15,0.290443,2.02472,1.73428,0.028053,0.000846,-0.027207,0.590747,0.04887,-0.541877,0.099644,0.91353,0.813886,0.309609,0.03759,-0.272019
54,IR,sp,8,14,2026-07-11 21:30:15,200,33,0.7041,0.7652,0.0611,0.6859,0.8471,0.1612,0.0264,-0.1097,-0.1361,3.788,4.5535,0.7655,8.52,7,-1.52,281,231,-50,0.290443,0.420801,0.130358,0.028053,-0.107096,-0.135149,0.590747,0.45022,-0.140527,0.099644,0.19913,0.099486,0.309609,0.35065,0.041041
55,AGR,sp,8,14,2026-07-11 22:06:51,200,33,0.7041,0.8587,0.1546,0.6859,0.8203,0.1344,0.0264,0.0461,0.0197,3.788,7.8142,4.0262,8.52,7.97,-0.55,281,263,-18,0.290443,2.1842,1.89376,0.028053,0.045067,0.017014,0.590747,0.03422,-0.556527,0.099644,0.93916,0.839516,0.309609,0.02662,-0.282989
56,RANDOM,sp,8,14,2026-07-11 22:09:42,200,33,0.7041,0.6763,-0.0278,0.6859,0.6833,-0.0026,0.0264,-0.0132,-0.0396,3.788,3.4676,-0.3204,8.52,6.55,-1.97,281,216,-65,0.290443,0.306715,0.016272,0.028053,-0.009603,-0.037656,0.590747,0.55556,-0.035187,0.099644,0.11574,0.016096,0.309609,0.3287,0.019091
57,OI,sp,8,15,2026-07-11 22:19:31,200,33,0.6979,0.8614,0.1635,0.6844,0.8538,0.1694,0.0191,0.0086,-0.0105,3.7121,7.9516,4.2395,8.42,8.21,-0.21,278,271,-7,0.285479,1.68046,1.39498,0.020446,0.010158,-0.010288,0.597122,0.0738,-0.523322,0.097122,0.84871,0.751588,0.305755,0.07749,-0.228265
58,IR,sp,8,15,2026-07-11 22:22:52,200,33,0.6979,0.7577,0.0598,0.6844,0.835,0.1506,0.0191,-0.1045,-0.1236,3.7121,4.5252,0.8131,8.42,6.94,-1.48,278,229,-49,0.285479,0.429718,0.144239,0.020446,-0.100489,-0.120935,0.597122,0.43668,-0.160442,0.097122,0.22707,0.129948,0.305755,0.33624,0.030485
59,AGR,sp,8,15,2026-07-11 22:25:57,200,33,0.6979,0.858,0.1601,0.6844,0.8239,0.1395,0.0191,0.0404,0.0213,3.7121,7.615,3.9029,8.42,7.76,-0.66,278,256,-22,0.285479,1.68718,1.4017,0.020446,0.040101,0.019655,0.597122,0.02344,-0.573682,0.097122,0.94531,0.848188,0.305755,0.03125,-0.274505
60,RANDOM,sp,8,15,2026-07-11 22:39:05,200,33,0.6979,0.6916,-0.0063,0.6844,0.6865,0.0021,0.0191,0.0066,-0.0125,3.7121,3.5562,-0.1559,8.42,6.7,-1.72,278,221,-57,0.285479,0.365356,0.079877,0.020446,0.010798,-0.009648,0.597122,0.55656,-0.040562,0.097122,0.12217,0.025048,0.305755,0.32127,0.015515
61,OI,sp,8,16,2026-07-11 22:44:19,200,33,0.7123,0.8602,0.1479,0.7015,0.8639,0.1624,0.0148,-0.0042,-0.019,3.8755,7.826,3.9505,8.42,8.03,-0.39,278,265,-13,0.297158,2.08765,1.79049,0.016666,-0.003286,-0.019952,0.597122,0.0566,-0.540522,0.082734,0.87547,0.792736,0.320144,0.06792,-0.252224
62,IR,sp,8,16,2026-07-11 22:53:34,200,33,0.7123,0.7699,0.0576,0.7015,0.8447,0.1432,0.0148,-0.0984,-0.1132,3.8755,4.6401,0.7646,8.42,7.06,-1.36,278,233,-45,0.297158,0.389571,0.092413,0.016666,-0.097859,-0.114525,0.597122,0.44635,-0.150772,0.082734,0.20601,0.123276,0.320144,0.34764,0.027496
63,AGR,sp,8,16,2026-07-11 22:59:23,200,33,0.7123,0.8625,0.1502,0.7015,0.8291,0.1276,0.0148,0.039,0.0242,3.8755,7.9217,4.0462,8.42,8.09,-0.33,278,267,-11,0.297158,1.59664,1.29948,0.016666,0.039145,0.022479,0.597122,0.03745,-0.559672,0.082734,0.94007,0.857336,0.320144,0.02247,-0.297674
64,RANDOM,sp,8,16,2026-07-11 23:01:05,200,33,0.7123,0.6908,-0.0215,0.7015,0.6967,-0.0048,0.0148,-0.0098,-0.0246,3.8755,3.6118,-0.2637,8.42,6.7,-1.72,278,221,-57,0.297158,0.350492,0.053334,0.016666,-0.007987,-0.024653,0.597122,0.52489,-0.072232,0.082734,0.15385,0.071116,0.320144,0.32127,0.001126
65,OI,sp,8,17,2026-07-11 23:06:13,200,33,0.7039,0.86,0.1561,0.6958,0.8676,0.1718,0.0121,-0.0089,-0.021,3.7822,7.7696,3.9874,8.3,7.94,-0.36,274,262,-12,0.274504,1.81655,1.54205,0.013237,-0.007517,-0.020754,0.583942,0.03435,-0.549592,0.091241,0.92366,0.832419,0.324818,0.04198,-0.282838
66,IR,sp,8,17,2026-07-11 23:08:24,200,33,0.7039,0.7711,0.0672,0.6958,0.8423,0.1465,0.0121,-0.0948,-0.1069,3.7822,4.6569,0.8747,8.3,6.97,-1.33,274,230,-44,0.274504,0.443833,0.169329,0.013237,-0.093288,-0.106525,0.583942,0.46522,-0.118722,0.091241,0.15217,0.060929,0.324818,0.38261,0.057792
67,AGR,sp,8,17,2026-07-11 23:11:50,200,33,0.7039,0.8624,0.1585,0.6958,0.8324,0.1366,0.0121,0.0352,0.0231,3.7822,7.9156,4.1334,8.3,8.03,-0.27,274,265,-9,0.274504,1.51371,1.23921,0.013237,0.035554,0.022317,0.583942,0.01887,-0.565072,0.091241,0.95472,0.863479,0.324818,0.02642,-0.298398
68,RANDOM,sp,8,17,2026-07-11 23:20:25,200,33,0.7039,0.6822,-0.0217,0.6958,0.6711,-0.0247,0.0121,0.0149,0.0028,3.7822,3.5325,-0.2497,8.3,6.55,-1.75,274,216,-58,0.274504,0.35945,0.084946,0.013237,0.016709,0.003472,0.583942,0.52778,-0.056162,0.091241,0.16204,0.070799,0.324818,0.31019,-0.014628
69,OI,sp,8,18,2026-07-11 23:23:31,200,33,0.711,0.8574,0.1464,0.7021,0.8623,0.1602,0.0133,-0.0057,-0.019,3.8516,7.8368,3.9852,8.27,8.03,-0.24,273,265,-8,0.302354,2.16221,1.85986,0.01382,-0.004251,-0.018071,0.604396,0.04528,-0.559116,0.076923,0.91698,0.840057,0.318681,0.03774,-0.280941
70,IR,sp,8,18,2026-07-11 23:25:33,200,33,0.711,0.7584,0.0474,0.7021,0.8342,0.1321,0.0133,-0.1022,-0.1155,3.8516,4.4388,0.5872,8.27,7.06,-1.21,273,233,-40,0.302354,0.433208,0.130854,0.01382,-0.09853,-0.11235,0.604396,0.48069,-0.123706,0.076923,0.18026,0.103337,0.318681,0.33906,0.020379
71,AGR,sp,8,18,2026-07-11 23:34:07,200,33,0.711,0.8606,0.1496,0.7021,0.8162,0.1141,0.0133,0.0528,0.0395,3.8516,7.878,4.0264,8.27,8.03,-0.24,273,265,-8,0.302354,1.58903,1.28668,0.01382,0.052668,0.038848,0.604396,0.03396,-0.570436,0.076923,0.92453,0.847607,0.318681,0.04151,-0.277171
72,RANDOM,sp,8,18,2026-07-11 23:38:35,200,33,0.711,0.693,-0.018,0.7021,0.6885,-0.0136,0.0133,0.0065,-0.0068,3.8516,3.6342,-0.2174,8.27,6.45,-1.82,273,213,-60,0.302354,0.395241,0.092887,0.01382,0.007724,-0.006096,0.604396,0.50704,-0.097356,0.076923,0.1831,0.106177,0.318681,0.30986,-0.008821
73,OI,sp,8,19,2026-07-11 23:46:50,200,33,0.7043,0.8572,0.1529,0.6924,0.8639,0.1715,0.0166,-0.0092,-0.0258,3.792,7.806,4.014,8.27,8.03,-0.24,273,265,-8,0.307498,1.44822,1.14072,0.018466,-0.006592,-0.025058,0.578755,0.06415,-0.514605,0.117216,0.86415,0.746934,0.304029,0.0717,-0.232329
74,IR,sp,8,19,2026-07-11 23:50:35,200,33,0.7043,0.7627,0.0584,0.6924,0.8358,0.1434,0.0166,-0.0967,-0.1133,3.792,4.5079,0.7159,8.27,7.15,-1.12,273,236,-37,0.307498,0.396143,0.088645,0.018466,-0.096068,-0.114534,0.578755,0.47034,-0.108415,0.117216,0.17373,0.056514,0.304029,0.35593,0.051901
75,AGR,sp,8,19,2026-07-11 23:54:06,200,33,0.7043,0.8601,0.1558,0.6924,0.8167,0.1243,0.0166,0.0511,0.0345,3.792,7.7758,3.9838,8.27,7.91,-0.36,273,261,-12,0.307498,1.36981,1.06231,0.018466,0.051074,0.032608,0.578755,0.02299,-0.555765,0.117216,0.96169,0.844474,0.304029,0.01533,-0.288699
76,RANDOM,sp,8,19,2026-07-11 23:58:21,200,33,0.7043,0.6893,-0.015,0.6924,0.6862,-0.0062,0.0166,0.0056,-0.011,3.792,3.5999,-0.1921,8.27,7.21,-1.06,273,238,-35,0.307498,0.356271,0.048773,0.018466,0.00768,-0.010786,0.578755,0.57563,-0.003125,0.117216,0.13025,0.013034,0.304029,0.29412,-0.009909
77,OI,sp,8,20,2026-07-12 00:07:00,200,33,0.7085,0.8545,0.146,0.6856,0.8568,0.1712,0.0317,-0.0023,-0.034,3.8694,7.5561,3.6867,8.3,7.73,-0.57,274,255,-19,0.308964,2.04314,1.73418,0.033693,-0.001414,-0.035107,0.591241,0.05098,-0.540261,0.094891,0.89804,0.803149,0.313869,0.05098,-0.262889
78,IR,sp,8,20,2026-07-12 00:43:13,200,33,0.7085,0.7715,0.063,0.6856,0.8452,0.1596,0.0317,-0.0973,-0.129,3.8694,4.7192,0.8498,8.3,7.06,-1.24,274,233,-41,0.308964,0.398546,0.089582,0.033693,-0.097513,-0.131206,0.591241,0.44635,-0.144891,0.094891,0.17597,0.081079,0.313869,0.37768,0.063811
79,AGR,sp,8,20,2026-07-12 00:59:47,200,33,0.7085,0.8635,0.155,0.6856,0.8268,0.1412,0.0317,0.043,0.0113,3.8694,7.9727,4.1033,8.3,8.09,-0.21,274,267,-7,0.308964,1.56974,1.26078,0.033693,0.043319,0.009626,0.591241,0.01873,-0.572511,0.094891,0.97378,0.878889,0.313869,0.00749,-0.306379
80,RANDOM,sp,8,20,2026-07-12 01:02:30,200,33,0.7085,0.6945,-0.014,0.6856,0.6886,0.003,0.0317,0.0091,-0.0226,3.8694,3.7186,-0.1508,8.3,6.48,-1.82,274,214,-60,0.308964,0.381305,0.072341,0.033693,0.012754,-0.020939,0.591241,0.52804,-0.063201,0.094891,0.15421,0.059319,0.313869,0.31776,0.003891
81,OI,sp,8,21,2026-07-12 01:29:17,200,33,0.7088,0.8632,0.1544,0.7029,0.8679,0.165,0.0086,-0.0056,-0.0142,3.8076,7.9688,4.1612,8.52,8.18,-0.34,281,270,-11,0.297978,2.15952,1.86154,0.009334,-0.004124,-0.013458,0.597865,0.05185,-0.546015,0.092527,0.89259,0.800063,0.309609,0.05556,-0.254049
82,IR,sp,8,21,2026-07-12 01:47:39,200,33,0.7088,0.7608,0.052,0.7029,0.8356,0.1327,0.0086,-0.1001,-0.1087,3.8076,4.4797,0.6721,8.52,6.97,-1.55,281,230,-51,0.297978,0.365578,0.0676,0.009334,-0.098311,-0.107645,0.597865,0.48696,-0.110905,0.092527,0.14348,0.050953,0.309609,0.36957,0.059961
83,AGR,sp,8,21,2026-07-12 01:53:24,200,33,0.7088,0.8599,0.1511,0.7029,0.8182,0.1153,0.0086,0.0496,0.041,3.8076,7.8871,4.0795,8.52,8,-0.52,281,264,-17,0.297978,1.38292,1.08494,0.009334,0.049048,0.039714,0.597865,0.0303,-0.567565,0.092527,0.95833,0.865803,0.309609,0.01136,-0.298249
84,RANDOM,sp,8,21,2026-07-12 02:12:20,200,33,0.7088,0.6726,-0.0362,0.7029,0.673,-0.0299,0.0086,-0.0009,-0.0095,3.8076,3.3884,-0.4192,8.52,6.64,-1.88,281,219,-62,0.297978,0.373461,0.075483,0.009334,-0.000567,-0.009901,0.597865,0.53425,-0.063615,0.092527,0.17808,0.085553,0.309609,0.28767,-0.021939
87,OI,sp,8,22,2026-07-12 03:11:25,200,33,0.7117,0.8622,0.1505,0.695,0.8544,0.1594,0.0257,0.009,-0.0167,3.8724,7.9321,4.0597,8.33,8.12,-0.21,275,268,-7,0.321202,2.7532,2.432,0.024575,0.010356,-0.014219,0.578182,0.04478,-0.533402,0.116364,0.90299,0.786626,0.305455,0.05224,-0.253215
88,IR,sp,8,22,2026-07-12 03:13:23,200,33,0.7117,0.7667,0.055,0.695,0.8456,0.1506,0.0257,-0.1042,-0.1299,3.8724,4.5313,0.6589,8.33,7.15,-1.18,275,236,-39,0.321202,0.431384,0.110182,0.024575,-0.102438,-0.127013,0.578182,0.45339,-0.124792,0.116364,0.22881,0.112446,0.305455,0.3178,0.012345
89,AGR,sp,8,22,2026-07-12 03:16:14,200,33,0.7117,0.8623,0.1506,0.695,0.8317,0.1367,0.0257,0.0368,0.0111,3.8724,7.8873,4.0149,8.33,8,-0.33,275,264,-11,0.321202,1.61735,1.29615,0.024575,0.036103,0.011528,0.578182,0.01894,-0.559242,0.116364,0.96591,0.849546,0.305455,0.01515,-0.290305
90,RANDOM,sp,8,22,2026-07-12 03:18:14,200,33,0.7117,0.6892,-0.0225,0.695,0.6948,-0.0002,0.0257,-0.0097,-0.0354,3.8724,3.6291,-0.2433,8.33,6.97,-1.36,275,230,-45,0.321202,0.39911,0.077908,0.024575,-0.004327,-0.028902,0.578182,0.54783,-0.030352,0.116364,0.15652,0.040156,0.305455,0.29565,-0.009805
91,OI,sp,8,23,2026-07-12 03:27:03,200,33,0.7026,0.8606,0.158,0.7024,0.8645,0.1621,0.0007,-0.0044,-0.0051,3.7515,7.72,3.9685,8.24,7.91,-0.33,272,261,-11,0.319205,1.57361,1.25441,0.001632,-0.003552,-0.005184,0.580882,0.04981,-0.531072,0.121324,0.90421,0.782886,0.297794,0.04598,-0.251814
92,IR,sp,8,23,2026-07-12 03:59:20,200,33,0.7026,0.7629,0.0603,0.7024,0.8392,0.1368,0.0007,-0.1026,-0.1033,3.7515,4.5197,0.7682,8.24,6.94,-1.3,272,229,-43,0.319205,0.4131,0.093895,0.001632,-0.098936,-0.100568,0.580882,0.44978,-0.131102,0.121324,0.18777,0.066446,0.297794,0.36245,0.064656
93,AGR,sp,8,23,2026-07-12 04:03:24,200,33,0.7026,0.8602,0.1576,0.7024,0.8235,0.1211,0.0007,0.0435,0.0428,3.7515,7.8521,4.1006,8.24,7.97,-0.27,272,263,-9,0.319205,1.65749,1.33828,0.001632,0.043348,0.041716,0.580882,0.02281,-0.558072,0.121324,0.95817,0.836846,0.297794,0.01901,-0.278784
94,RANDOM,sp,8,23,2026-07-12 04:07:35,200,33,0.7026,0.6865,-0.0161,0.7024,0.6797,-0.0227,0.0007,0.0092,0.0085,3.7515,3.5684,-0.1831,8.24,6.61,-1.63,272,218,-54,0.319205,0.351274,0.032069,0.001632,0.010911,0.009279,0.580882,0.53211,-0.048772,0.121324,0.15138,0.030056,0.297794,0.31651,0.018716
95,OI,sp,8,24,2026-07-12 04:12:43,200,33,0.7068,0.8626,0.1558,0.692,0.8656,0.1736,0.0201,-0.0035,-0.0236,3.7658,7.8126,4.0468,8.48,8,-0.48,280,264,-16,0.298827,1.54827,1.24944,0.022616,-0.002487,-0.025103,0.607143,0.03788,-0.569263,0.085714,0.91667,0.830956,0.307143,0.04545,-0.261693
96,IR,sp,8,24,2026-07-12 04:14:48,200,33,0.7068,0.7633,0.0565,0.692,0.8383,0.1463,0.0201,-0.1009,-0.121,3.7658,4.5668,0.801,8.48,7,-1.48,280,231,-49,0.298827,0.552543,0.253716,0.022616,-0.097833,-0.120449,0.607143,0.4632,-0.143943,0.085714,0.23377,0.148056,0.307143,0.30303,-0.004113
97,AGR,sp,8,24,2026-07-12 04:44:47,200,33,0.7068,0.8575,0.1507,0.692,0.8161,0.1241,0.0201,0.0491,0.029,3.7658,7.7665,4.0007,8.48,7.88,-0.6,280,260,-20,0.298827,1.73345,1.43462,0.022616,0.048692,0.026076,0.607143,0.01154,-0.595603,0.085714,0.97692,0.891206,0.307143,0.01154,-0.295603
98,RANDOM,sp,8,24,2026-07-12 04:46:46,200,33,0.7068,0.6878,-0.019,0.692,0.6862,-0.0058,0.0201,0.003,-0.0171,3.7658,3.5096,-0.2562,8.48,6.73,-1.75,280,222,-58,0.298827,0.368556,0.069729,0.022616,0.003892,-0.018724,0.607143,0.54054,-0.066603,0.085714,0.13514,0.049426,0.307143,0.32432,0.017177
99,OI,sp,8,25,2026-07-12 04:49:51,200,33,0.7082,0.8592,0.151,0.6921,0.8617,0.1696,0.0243,-0.0029,-0.0272,3.8376,7.8529,4.0153,8.42,8.03,-0.39,278,265,-13,0.298197,1.60411,1.30591,0.024267,-0.001587,-0.025854,0.597122,0.04528,-0.551842,0.089928,0.90189,0.811962,0.31295,0.05283,-0.26012
100,IR,sp,8,25,2026-07-12 04:54:58,200,33,0.7082,0.7712,0.063,0.6921,0.8367,0.1446,0.0243,-0.088,-0.1123,3.8376,4.7207,0.8831,8.42,7.3,-1.12,278,241,-37,0.298197,0.393688,0.095491,0.024267,-0.085772,-0.110039,0.597122,0.45228,-0.144842,0.089928,0.19087,0.100942,0.31295,0.35685,0.0439
101,AGR,sp,8,25,2026-07-12 05:32:40,200,33,0.7082,0.8622,0.154,0.6921,0.8238,0.1317,0.0243,0.0454,0.0211,3.8376,7.8775,4.0399,8.42,8.03,-0.39,278,265,-13,0.298197,1.55065,1.25245,0.024267,0.045375,0.021108,0.597122,0.04151,-0.555612,0.089928,0.9283,0.838372,0.31295,0.03019,-0.28276
102,RANDOM,sp,8,25,2026-07-12 10:28:19,200,33,0.7082,0.7061,-0.0021,0.6921,0.712,0.0199,0.0243,-0.0079,-0.0322,3.8376,3.8451,0.0075,8.42,7.12,-1.3,278,235,-43,0.298197,0.373775,0.075578,0.024267,-0.005097,-0.029364,0.597122,0.54468,-0.052442,0.089928,0.14894,0.059012,0.31295,0.30638,-0.00657
103,OI,sp,8,26,2026-07-12 13:04:22,200,33,0.7119,0.8631,0.1512,0.6994,0.8695,0.1701,0.0177,-0.0072,-0.0249,3.8436,7.879,4.0354,8.52,8.06,-0.46,281,266,-15,0.298556,1.86479,1.56623,0.018754,-0.006394,-0.025148,0.580071,0.05263,-0.527441,0.117438,0.90602,0.788582,0.302491,0.04135,-0.261141
104,IR,sp,8,26,2026-07-12 13:05:54,200,33,0.7119,0.7705,0.0586,0.6994,0.8444,0.145,0.0177,-0.0977,-0.1154,3.8436,4.6291,0.7855,8.52,7.12,-1.4,281,235,-46,0.298556,0.428229,0.129673,0.018754,-0.094543,-0.113297,0.580071,0.45957,-0.120501,0.117438,0.18723,0.069792,0.302491,0.35319,0.050699
105,AGR,sp,8,26,2026-07-12 13:19:23,200,33,0.7119,0.8633,0.1514,0.6994,0.8255,0.1261,0.0177,0.0443,0.0266,3.8436,7.957,4.1134,8.52,8.06,-0.46,281,266,-15,0.298556,1.42197,1.12341,0.018754,0.044538,0.025784,0.580071,0.0188,-0.561271,0.117438,0.96617,0.848732,0.302491,0.01504,-0.287451
106,RANDOM,sp,8,26,2026-07-12 13:21:27,200,33,0.7119,0.6844,-0.0275,0.6994,0.6842,-0.0152,0.0177,0.0008,-0.0169,3.8436,3.6499,-0.1937,8.52,6.91,-1.61,281,228,-53,0.298556,0.375984,0.077428,0.018754,0.001954,-0.0168,0.580071,0.54825,-0.031821,0.117438,0.14912,0.031682,0.302491,0.30263,0.000139
150,OI,sp,8,27,2026-07-12 23:12:38,200,33,0.7101,0.8611,0.151,0.6915,0.8658,0.1743,0.0283,-0.0048,-0.0331,3.8737,8.0102,4.1365,8.48,8.21,-0.27,280,271,-9,0.307491,1.97059,1.6631,0.027316,-0.004403,-0.031719,0.592857,0.04797,-0.544887,0.1,0.90037,0.80037,0.307143,0.05166,-0.255483
151,IR,sp,8,27,2026-07-12 23:14:46,200,33,0.7101,0.763,0.0529,0.6915,0.8302,0.1387,0.0283,-0.0899,-0.1182,3.8737,4.5882,0.7145,8.48,6.94,-1.54,280,229,-51,0.307491,0.434598,0.127107,0.027316,-0.088436,-0.115752,0.592857,0.44541,-0.147447,0.1,0.20961,0.10961,0.307143,0.34498,0.037837
152,AGR,sp,8,27,2026-07-12 23:17:44,200,33,0.7101,0.8588,0.1487,0.6915,0.8108,0.1193,0.0283,0.0584,0.0301,3.8737,7.9956,4.1219,8.48,8.12,-0.36,280,268,-12,0.307491,1.42432,1.11683,0.027316,0.05667,0.029354,0.592857,0.02239,-0.570467,0.1,0.95896,0.85896,0.307143,0.01866,-0.288483
153,RANDOM,sp,8,27,2026-07-12 23:19:43,200,33,0.7101,0.7045,-0.0056,0.6915,0.7111,0.0196,0.0283,-0.0096,-0.0379,3.8737,3.7995,-0.0742,8.48,6.76,-1.72,280,223,-57,0.307491,0.399045,0.091554,0.027316,-0.009875,-0.037191,0.592857,0.53363,-0.059227,0.1,0.13901,0.03901,0.307143,0.32735,0.020207
154,OI,sp,8,28,2026-07-13 02:39:48,200,33,0.7002,0.8557,0.1555,0.6902,0.85,0.1598,0.0169,0.0068,-0.0101,3.7693,7.6056,3.8363,8.3,7.79,-0.51,274,257,-17,0.30956,2.62336,2.3138,0.016152,0.00813,-0.008022,0.591241,0.03113,-0.560111,0.10219,0.91051,0.80832,0.306569,0.05837,-0.248199
155,IR,sp,8,28,2026-07-13 02:42:08,200,33,0.7002,0.7683,0.0681,0.6902,0.8341,0.1439,0.0169,-0.0874,-0.1043,3.7693,4.5807,0.8114,8.3,7.27,-1.03,274,240,-34,0.30956,0.432291,0.122731,0.016152,-0.085486,-0.101638,0.591241,0.4875,-0.103741,0.10219,0.175,0.07281,0.306569,0.3375,0.030931
156,AGR,sp,8,28,2026-07-13 02:45:15,200,33,0.7002,0.8595,0.1593,0.6902,0.8282,0.138,0.0169,0.0374,0.0205,3.7693,7.8368,4.0675,8.3,7.97,-0.33,274,263,-11,0.30956,1.7657,1.45614,0.016152,0.036837,0.020685,0.591241,0.02662,-0.564621,0.10219,0.94677,0.84458,0.306569,0.02662,-0.279949
157,RANDOM,sp,8,28,2026-07-13 02:47:13,200,33,0.7002,0.7008,0.0006,0.6902,0.7062,0.016,0.0169,-0.0066,-0.0235,3.7693,3.841,0.0717,8.3,6.82,-1.48,274,225,-49,0.30956,0.410963,0.101403,0.016152,-0.005906,-0.022058,0.591241,0.52444,-0.066801,0.10219,0.18667,0.08448,0.306569,0.28889,-0.017679
158,OI,sp,8,29,2026-07-13 02:55:22,200,33,0.7096,0.8606,0.151,0.6908,0.8685,0.1777,0.0284,-0.0096,-0.038,3.8674,7.9096,4.0422,8.48,8.09,-0.39,280,267,-13,0.30504,2.59363,2.28859,0.027855,-0.007969,-0.035824,0.603571,0.05243,-0.551141,0.089286,0.89888,0.809594,0.307143,0.04869,-0.258453
159,IR,sp,8,29,2026-07-13 02:57:31,200,33,0.7096,0.7689,0.0593,0.6908,0.8418,0.151,0.0284,-0.0966,-0.125,3.8674,4.7106,0.8432,8.48,7.18,-1.3,280,237,-43,0.30504,0.488203,0.183163,0.027855,-0.094753,-0.122608,0.603571,0.43882,-0.164751,0.089286,0.22363,0.134344,0.307143,0.33755,0.030407
160,AGR,sp,8,29,2026-07-13 03:00:29,200,33,0.7096,0.8627,0.1531,0.6908,0.8265,0.1357,0.0284,0.0431,0.0147,3.8674,8.0012,4.1338,8.48,8.12,-0.36,280,268,-12,0.30504,1.62649,1.32145,0.027855,0.042464,0.014609,0.603571,0.01866,-0.584911,0.089286,0.97388,0.884594,0.307143,0.00746,-0.299683
161,RANDOM,sp,8,29,2026-07-13 03:02:30,200,33,0.7096,0.6886,-0.021,0.6908,0.7039,0.0131,0.0284,-0.0206,-0.049,3.8674,3.6199,-0.2475,8.48,6.79,-1.69,280,224,-56,0.30504,0.403597,0.098557,0.027855,-0.021011,-0.048866,0.603571,0.53571,-0.067861,0.089286,0.16071,0.071424,0.307143,0.30357,-0.003573
162,OI,sp,8,30,2026-07-13 03:31:45,200,33,0.7076,0.8593,0.1517,0.6945,0.8595,0.165,0.0197,-0.0006,-0.0203,3.7914,7.7696,3.9782,8.33,7.97,-0.36,275,263,-12,0.299107,1.72474,1.42563,0.019999,0.001167,-0.018832,0.585455,0.05323,-0.532225,0.105455,0.88973,0.784275,0.309091,0.05703,-0.252061
163,IR,sp,8,30,2026-07-13 03:33:55,200,33,0.7076,0.7701,0.0625,0.6945,0.8385,0.144,0.0197,-0.0905,-0.1102,3.7914,4.6381,0.8467,8.33,6.76,-1.57,275,223,-52,0.299107,0.429012,0.129905,0.019999,-0.088247,-0.108246,0.585455,0.4574,-0.128055,0.105455,0.17937,0.073915,0.309091,0.36323,0.054139
164,AGR,sp,8,30,2026-07-13 03:37:05,200,33,0.7076,0.8603,0.1527,0.6945,0.8238,0.1293,0.0197,0.0433,0.0236,3.7914,7.8261,4.0347,8.33,7.97,-0.36,275,263,-12,0.299107,2.03093,1.73182,0.019999,0.042908,0.022909,0.585455,0.02281,-0.562645,0.105455,0.94297,0.837515,0.309091,0.03422,-0.274871
165,RANDOM,sp,8,30,2026-07-13 03:39:07,200,33,0.7076,0.6909,-0.0167,0.6945,0.6914,-0.0031,0.0197,-0.0028,-0.0225,3.7914,3.6696,-0.1218,8.33,6.79,-1.54,275,224,-51,0.299107,0.398482,0.099375,0.019999,0.001158,-0.018841,0.585455,0.51339,-0.072065,0.105455,0.18304,0.077585,0.309091,0.30357,-0.005521
166,OI,sp,8,31,2026-07-13 04:04:03,200,33,0.7064,0.8627,0.1563,0.687,0.8655,0.1785,0.028,-0.0033,-0.0313,3.791,7.8378,4.0468,8.42,8.03,-0.39,278,265,-13,0.296813,1.92421,1.6274,0.028636,-0.002415,-0.031051,0.597122,0.0566,-0.540522,0.097122,0.87547,0.778348,0.305755,0.06792,-0.237835
167,IR,sp,8,31,2026-07-13 04:06:13,200,33,0.7064,0.7653,0.0589,0.687,0.8344,0.1474,0.028,-0.0916,-0.1196,3.791,4.542,0.751,8.42,6.88,-1.54,278,227,-51,0.296813,0.431438,0.134625,0.028636,-0.090016,-0.118652,0.597122,0.43172,-0.165402,0.097122,0.22026,0.123138,0.305755,0.34802,0.042265
168,AGR,sp,8,31,2026-07-13 04:09:04,200,33,0.7064,0.8628,0.1564,0.687,0.8327,0.1457,0.028,0.0359,0.0079,3.791,7.9751,4.1841,8.42,8.09,-0.33,278,267,-11,0.296813,2.11074,1.81393,0.028636,0.035363,0.006727,0.597122,0.02247,-0.574652,0.097122,0.96629,0.869168,0.305755,0.01124,-0.294515
169,RANDOM,sp,8,31,2026-07-13 04:10:58,200,33,0.7064,0.6897,-0.0167,0.687,0.6885,0.0015,0.028,0.001,-0.027,3.791,3.6445,-0.1465,8.42,6.48,-1.94,278,214,-64,0.296813,0.358328,0.061515,0.028636,0.004378,-0.024258,0.597122,0.52336,-0.073762,0.097122,0.16355,0.066428,0.305755,0.31308,0.007325
170,OI,sp,8,32,2026-07-13 04:16:39,200,33,0.7173,0.8636,0.1463,0.6947,0.8715,0.1768,0.0318,-0.0092,-0.041,3.9148,7.9109,3.9961,8.48,8.12,-0.36,280,268,-12,0.308825,2.38124,2.07242,0.032596,-0.00785,-0.040446,0.582143,0.04851,-0.533633,0.107143,0.87687,0.769727,0.310714,0.07463,-0.236084
171,IR,sp,8,32,2026-07-13 04:18:35,200,33,0.7173,0.7743,0.057,0.6947,0.8436,0.1489,0.0318,-0.0908,-0.1226,3.9148,4.7289,0.8141,8.48,7.42,-1.06,280,245,-35,0.308825,0.457868,0.149043,0.032596,-0.091177,-0.123773,0.582143,0.47755,-0.104593,0.107143,0.18776,0.080617,0.310714,0.33469,0.023976
172,AGR,sp,8,32,2026-07-13 04:21:30,200,33,0.7173,0.862,0.1447,0.6947,0.8314,0.1367,0.0318,0.0363,0.0045,3.9148,7.9626,4.0478,8.48,8.06,-0.42,280,266,-14,0.308825,1.57303,1.2642,0.032596,0.036295,0.003699,0.582143,0.01128,-0.570863,0.107143,0.97368,0.866537,0.310714,0.01504,-0.295674
173,RANDOM,sp,8,32,2026-07-13 04:23:23,200,33,0.7173,0.6999,-0.0174,0.6947,0.6938,-0.0009,0.0318,0.0089,-0.0229,3.9148,3.7155,-0.1993,8.48,6.67,-1.81,280,220,-60,0.308825,0.398588,0.089763,0.032596,0.010032,-0.022564,0.582143,0.53636,-0.045783,0.107143,0.12727,0.020127,0.310714,0.33636,0.025646
174,OI,sp,8,33,2026-07-13 04:29:14,200,33,0.7086,0.8628,0.1542,0.6906,0.8673,0.1767,0.0264,-0.0051,-0.0315,3.8216,7.8288,4.0072,8.39,8.03,-0.36,277,265,-12,0.309305,1.54363,1.23433,0.026321,-0.004059,-0.03038,0.592058,0.04528,-0.546778,0.104693,0.88302,0.778327,0.303249,0.0717,-0.231549
175,IR,sp,8,33,2026-07-13 04:31:17,200,33,0.7086,0.7645,0.0559,0.6906,0.8405,0.1499,0.0264,-0.1026,-0.129,3.8216,4.5948,0.7732,8.39,7.09,-1.3,277,234,-43,0.309305,0.447617,0.138312,0.026321,-0.099239,-0.12556,0.592058,0.44872,-0.143338,0.104693,0.21368,0.108987,0.303249,0.33761,0.034361
176,AGR,sp,8,33,2026-07-13 04:34:06,200,33,0.7086,0.8614,0.1528,0.6906,0.8267,0.1361,0.0264,0.0417,0.0153,3.8216,7.8961,4.0745,8.39,8.03,-0.36,277,265,-12,0.309305,1.41736,1.10805,0.026321,0.041069,0.014748,0.592058,0.01887,-0.573188,0.104693,0.96604,0.861347,0.303249,0.01509,-0.288159
177,RANDOM,sp,8,33,2026-07-13 04:35:59,200,33,0.7086,0.6782,-0.0304,0.6906,0.677,-0.0136,0.0264,0.0025,-0.0239,3.8216,3.5325,-0.2891,8.39,6.79,-1.6,277,224,-53,0.309305,0.354548,0.045243,0.026321,0.001559,-0.024762,0.592058,0.55804,-0.034018,0.104693,0.12946,0.024767,0.303249,0.3125,0.009251
178,OI,sp,8,34,2026-07-13 04:39:36,200,33,0.7074,0.8631,0.1557,0.703,0.8641,0.1611,0.0075,-0.0008,-0.0083,3.799,7.9045,4.1055,8.39,8.12,-0.27,277,268,-9,0.301832,1.65745,1.35562,0.007451,-0.000174,-0.007625,0.592058,0.04478,-0.547278,0.101083,0.89552,0.794437,0.306859,0.0597,-0.247159
179,IR,sp,8,34,2026-07-13 04:41:42,200,33,0.7074,0.7593,0.0519,0.703,0.8341,0.1311,0.0075,-0.1001,-0.1076,3.799,4.4468,0.6478,8.39,7.06,-1.33,277,233,-44,0.301832,0.432594,0.130762,0.007451,-0.099258,-0.106709,0.592058,0.46352,-0.128538,0.101083,0.18884,0.087757,0.306859,0.34764,0.040781
180,AGR,sp,8,34,2026-07-13 04:44:52,200,33,0.7074,0.8597,0.1523,0.703,0.8195,0.1165,0.0075,0.0477,0.0402,3.799,7.8157,4.0167,8.39,7.94,-0.45,277,262,-15,0.301832,1.57699,1.27516,0.007451,0.047383,0.039932,0.592058,0.0229,-0.569158,0.101083,0.95038,0.849297,0.306859,0.02672,-0.280139
181,RANDOM,sp,8,34,2026-07-13 04:46:49,200,33,0.7074,0.7002,-0.0072,0.703,0.7086,0.0056,0.0075,-0.0129,-0.0204,3.799,3.7239,-0.0751,8.39,6.7,-1.69,277,221,-56,0.301832,0.399059,0.097227,0.007451,-0.007987,-0.015438,0.592058,0.51584,-0.076218,0.101083,0.16742,0.066337,0.306859,0.31674,0.009881
182,OI,sp,8,35,2026-07-13 04:49:21,200,33,0.7113,0.8593,0.148,0.6944,0.8497,0.1553,0.0239,0.0114,-0.0125,3.8209,7.6867,3.8658,8.3,7.91,-0.39,274,261,-13,0.314524,2.66504,2.35052,0.025376,0.012118,-0.013258,0.583942,0.04598,-0.537962,0.109489,0.87356,0.764071,0.306569,0.08046,-0.226109
183,IR,sp,8,35,2026-07-13 04:51:31,200,33,0.7113,0.7657,0.0544,0.6944,0.8338,0.1394,0.0239,-0.0906,-0.1145,3.8209,4.5625,0.7416,8.3,6.88,-1.42,274,227,-47,0.314524,0.412109,0.097585,0.025376,-0.089425,-0.114801,0.583942,0.44493,-0.139012,0.109489,0.20705,0.097561,0.306569,0.34802,0.041451
184,AGR,sp,8,35,2026-07-13 04:54:34,200,33,0.7113,0.8582,0.1469,0.6944,0.8105,0.1161,0.0239,0.057,0.0331,3.8209,7.7172,3.8963,8.3,7.82,-0.48,274,258,-16,0.314524,1.60174,1.28722,0.025376,0.056259,0.030883,0.583942,0.01163,-0.572312,0.109489,0.97674,0.867251,0.306569,0.01163,-0.294939
185,RANDOM,sp,8,35,2026-07-13 04:56:30,200,33,0.7113,0.696,-0.0153,0.6944,0.7055,0.0111,0.0239,-0.0135,-0.0374,3.8209,3.6236,-0.1973,8.3,6.7,-1.6,274,221,-53,0.314524,0.441381,0.126857,0.025376,-0.014287,-0.039663,0.583942,0.54299,-0.040952,0.109489,0.16742,0.057931,0.306569,0.28959,-0.016979
186,OI,sp,8,36,2026-07-13 05:00:33,200,33,0.7061,0.8639,0.1578,0.6935,0.8597,0.1662,0.0181,0.005,-0.0131,3.7974,7.9539,4.1565,8.52,8.15,-0.37,281,269,-12,0.289989,1.75281,1.46282,0.019187,0.006024,-0.013163,0.601423,0.04833,-0.553093,0.088968,0.88848,0.799512,0.309609,0.0632,-0.246409
187,IR,sp,8,36,2026-07-13 05:02:42,200,33,0.7061,0.7624,0.0563,0.6935,0.8311,0.1376,0.0181,-0.0924,-0.1105,3.7974,4.5408,0.7434,8.52,7.03,-1.49,281,232,-49,0.289989,0.427261,0.137272,0.019187,-0.089948,-0.109135,0.601423,0.47414,-0.127283,0.088968,0.17241,0.083442,0.309609,0.35345,0.043841
188,AGR,sp,8,36,2026-07-13 05:05:49,200,33,0.7061,0.8624,0.1563,0.6935,0.8212,0.1277,0.0181,0.0487,0.0306,3.7974,7.9045,4.1071,8.52,8.09,-0.43,281,267,-14,0.289989,2.06088,1.77089,0.019187,0.048439,0.029252,0.601423,0.03371,-0.567713,0.088968,0.92509,0.836122,0.309609,0.0412,-0.268409
189,RANDOM,sp,8,36,2026-07-13 05:07:50,200,33,0.7061,0.6938,-0.0123,0.6935,0.6906,-0.0029,0.0181,0.0048,-0.0133,3.7974,3.7114,-0.086,8.52,6.82,-1.7,281,225,-56,0.289989,0.422462,0.132473,0.019187,0.005759,-0.013428,0.601423,0.54222,-0.059203,0.088968,0.16444,0.075472,0.309609,0.29333,-0.016279
190,OI,sp,8,37,2026-07-13 05:10:38,200,33,0.7062,0.8612,0.155,0.6874,0.8598,0.1724,0.0253,0.0012,-0.0241,3.7996,7.873,4.0734,8.61,8.09,-0.52,284,267,-17,0.260381,1.73795,1.47757,0.027908,0.002777,-0.025131,0.602113,0.04869,-0.553423,0.073944,0.88764,0.813696,0.323944,0.06367,-0.260274
191,IR,sp,8,37,2026-07-13 05:12:36,200,33,0.7062,0.7612,0.055,0.6874,0.837,0.1496,0.0253,-0.1015,-0.1268,3.7996,4.4614,0.6618,8.61,7.06,-1.55,284,233,-51,0.260381,0.413233,0.152852,0.027908,-0.098397,-0.126305,0.602113,0.47639,-0.125723,0.073944,0.16738,0.093436,0.323944,0.35622,0.032276
192,AGR,sp,8,37,2026-07-13 05:15:23,200,33,0.7062,0.8654,0.1592,0.6874,0.837,0.1496,0.0253,0.0337,0.0084,3.7996,8.1496,4.35,8.61,8.27,-0.34,284,273,-11,0.260381,1.62368,1.3633,0.027908,0.033344,0.005436,0.602113,0.02198,-0.580133,0.073944,0.95604,0.882096,0.323944,0.02198,-0.301964
193,RANDOM,sp,8,37,2026-07-13 05:17:16,200,33,0.7062,0.6868,-0.0194,0.6874,0.6903,0.0029,0.0253,-0.005,-0.0303,3.7996,3.6143,-0.1853,8.61,6.85,-1.76,284,226,-58,0.260381,0.301574,0.041193,0.027908,-0.005381,-0.033289,0.602113,0.52655,-0.075563,0.073944,0.15044,0.076496,0.323944,0.32301,-0.000934
194,OI,sp,8,38,2026-07-13 05:20:25,200,33,0.7039,0.8579,0.154,0.6944,0.8635,0.1691,0.0155,-0.0066,-0.0221,3.7789,7.7096,3.9307,8.42,7.94,-0.48,278,262,-16,0.280117,1.63777,1.35765,0.014695,-0.005119,-0.019814,0.586331,0.07634,-0.509991,0.100719,0.86641,0.765691,0.31295,0.05725,-0.2557
195,IR,sp,8,38,2026-07-13 05:22:29,200,33,0.7039,0.7554,0.0515,0.6944,0.8303,0.1359,0.0155,-0.1014,-0.1169,3.7789,4.4094,0.6305,8.42,6.94,-1.48,278,229,-49,0.280117,0.412619,0.132502,0.014695,-0.098798,-0.113493,0.586331,0.45415,-0.132181,0.100719,0.17031,0.069591,0.31295,0.37555,0.0626
196,AGR,sp,8,38,2026-07-13 05:25:35,200,33,0.7039,0.8608,0.1569,0.6944,0.8133,0.1189,0.0155,0.0554,0.0399,3.7789,7.8751,4.0962,8.42,8,-0.42,278,264,-14,0.280117,1.72304,1.44292,0.014695,0.055859,0.041164,0.586331,0.02273,-0.563601,0.100719,0.95833,0.857611,0.31295,0.01894,-0.29401
197,RANDOM,sp,8,38,2026-07-13 05:27:35,200,33,0.7039,0.6847,-0.0192,0.6944,0.6802,-0.0142,0.0155,0.0068,-0.0087,3.7789,3.4845,-0.2944,8.42,6.7,-1.72,278,221,-57,0.280117,0.334332,0.054215,0.014695,0.009787,-0.004908,0.586331,0.52941,-0.056921,0.100719,0.15837,0.057651,0.31295,0.31222,-0.00073
198,OI,sp,8,39,2026-07-13 05:30:20,200,33,0.7079,0.86,0.1521,0.6992,0.852,0.1528,0.0138,0.0088,-0.005,3.8192,7.718,3.8988,8.33,7.94,-0.39,275,262,-13,0.266466,2.2253,1.95883,0.013027,0.01046,-0.002567,0.589091,0.05344,-0.535651,0.08,0.8855,0.8055,0.330909,0.06107,-0.269839
199,IR,sp,8,39,2026-07-13 05:32:32,200,33,0.7079,0.7673,0.0594,0.6992,0.8462,0.147,0.0138,-0.1055,-0.1193,3.8192,4.5565,0.7373,8.33,7.12,-1.21,275,235,-40,0.266466,0.40795,0.141484,0.013027,-0.103765,-0.116792,0.589091,0.45957,-0.129521,0.08,0.19149,0.11149,0.330909,0.34894,0.018031
200,AGR,sp,8,39,2026-07-13 05:34:59,200,33,0.7079,0.8594,0.1515,0.6992,0.8053,0.1061,0.0138,0.0638,0.05,3.8192,7.7012,3.882,8.33,7.82,-0.51,275,258,-17,0.266466,1.67905,1.41258,0.013027,0.06371,0.050683,0.589091,0.01938,-0.569711,0.08,0.95736,0.87736,0.330909,0.02326,-0.307649
201,RANDOM,sp,8,39,2026-07-13 05:36:55,200,33,0.7079,0.6848,-0.0231,0.6992,0.6876,-0.0116,0.0138,-0.0017,-0.0155,3.8192,3.5449,-0.2743,8.33,6.64,-1.69,275,219,-56,0.266466,0.351154,0.084688,0.013027,-0.005208,-0.018235,0.589091,0.52511,-0.063981,0.08,0.15982,0.07982,0.330909,0.31507,-0.015839
202,OI,sp,8,40,2026-07-13 06:13:52,200,33,0.708,0.8606,0.1526,0.6902,0.8598,0.1696,0.0269,0.001,-0.0259,3.8419,7.874,4.0321,8.33,8.06,-0.27,275,266,-9,0.294995,1.9507,1.6557,0.026155,0.001855,-0.0243,0.574545,0.05263,-0.521915,0.109091,0.88346,0.774369,0.316364,0.06391,-0.252454
203,IR,sp,8,40,2026-07-13 06:15:57,200,33,0.708,0.7662,0.0582,0.6902,0.84,0.1498,0.0269,-0.0979,-0.1248,3.8419,4.5271,0.6852,8.33,6.97,-1.36,275,230,-45,0.294995,0.424171,0.129176,0.026155,-0.096675,-0.12283,0.574545,0.44783,-0.126715,0.109091,0.18261,0.073519,0.316364,0.36957,0.053206
204,AGR,sp,8,40,2026-07-13 06:18:43,200,33,0.708,0.8595,0.1515,0.6902,0.8194,0.1292,0.0269,0.0484,0.0215,3.8419,7.8963,4.0544,8.33,7.97,-0.36,275,263,-12,0.294995,1.44737,1.15237,0.026155,0.047167,0.021012,0.574545,0.0076,-0.566945,0.109091,0.98099,0.871899,0.316364,0.01141,-0.304954
205,RANDOM,sp,8,40,2026-07-13 06:20:44,200,33,0.708,0.6995,-0.0085,0.6902,0.7018,0.0116,0.0269,-0.0036,-0.0305,3.8419,3.6661,-0.1758,8.33,6.48,-1.85,275,214,-61,0.294995,0.462446,0.167451,0.026155,-0.000783,-0.026938,0.574545,0.51402,-0.060525,0.109091,0.21963,0.110539,0.316364,0.26636,-0.050004
206,OI,sp,8,41,2026-07-13 06:27:56,200,33,0.7032,0.8514,0.1482,0.685,0.8527,0.1677,0.0284,-0.0013,-0.0297,3.776,7.4196,3.6436,8.18,7.58,-0.6,270,250,-20,0.29508,2.36426,2.06918,0.027714,-0.000292,-0.028006,0.581481,0.04,-0.541481,0.107407,0.9,0.792593,0.311111,0.06,-0.251111
207,IR,sp,8,41,2026-07-13 06:30:04,200,33,0.7032,0.7565,0.0533,0.685,0.8302,0.1452,0.0284,-0.0995,-0.1279,3.776,4.3601,0.5841,8.18,6.88,-1.3,270,227,-43,0.29508,0.405112,0.110032,0.027714,-0.098218,-0.125932,0.581481,0.44934,-0.132141,0.107407,0.19383,0.086423,0.311111,0.35683,0.045719
208,AGR,sp,8,41,2026-07-13 06:33:01,200,33,0.7032,0.8567,0.1535,0.685,0.8192,0.1342,0.0284,0.0441,0.0157,3.776,7.6903,3.9143,8.18,7.82,-0.36,270,258,-12,0.29508,1.64279,1.34771,0.027714,0.044032,0.016318,0.581481,0.04264,-0.538841,0.107407,0.94186,0.834453,0.311111,0.0155,-0.295611
209,RANDOM,sp,8,41,2026-07-13 06:35:01,200,33,0.7032,0.6921,-0.0111,0.685,0.7042,0.0192,0.0284,-0.0201,-0.0485,3.776,3.6595,-0.1165,8.18,6.91,-1.27,270,228,-42,0.29508,0.370653,0.075573,0.027714,-0.014914,-0.042628,0.581481,0.52632,-0.055161,0.107407,0.15789,0.050483,0.311111,0.31579,0.004679
210,OI,sp,8,42,2026-07-13 06:46:23,200,33,0.7017,0.8657,0.164,0.6898,0.8791,0.1893,0.0169,-0.0153,-0.0322,3.7297,7.9405,4.2108,8.42,8.12,-0.3,278,268,-10,0.293146,1.73418,1.44103,0.018399,-0.014538,-0.032937,0.604317,0.05224,-0.552077,0.089928,0.89552,0.805592,0.305755,0.05224,-0.253515
211,IR,sp,8,42,2026-07-13 06:48:29,200,33,0.7017,0.7675,0.0658,0.6898,0.8342,0.1444,0.0169,-0.0876,-0.1045,3.7297,4.5698,0.8401,8.42,7.24,-1.18,278,239,-39,0.293146,0.414021,0.120875,0.018399,-0.087354,-0.105753,0.604317,0.44351,-0.160807,0.089928,0.22176,0.131832,0.305755,0.33473,0.028975
212,AGR,sp,8,42,2026-07-13 06:51:42,200,33,0.7017,0.859,0.1573,0.6898,0.8159,0.1261,0.0169,0.0511,0.0342,3.7297,7.7227,3.993,8.42,7.82,-0.6,278,258,-20,0.293146,1.1214,0.828254,0.018399,0.050957,0.032558,0.604317,0.01163,-0.592687,0.089928,0.96899,0.879062,0.305755,0.01938,-0.286375
213,RANDOM,sp,8,42,2026-07-13 06:53:42,200,33,0.7017,0.6871,-0.0146,0.6898,0.692,0.0022,0.0169,-0.0083,-0.0252,3.7297,3.5101,-0.2196,8.42,6.79,-1.63,278,224,-54,0.293146,0.342104,0.048958,0.018399,-0.004517,-0.022916,0.604317,0.5625,-0.041817,0.089928,0.125,0.035072,0.305755,0.3125,0.006745
214,OI,sp,8,43,2026-07-13 06:58:17,200,33,0.7138,0.8597,0.1459,0.7024,0.8642,0.1618,0.0155,-0.0053,-0.0208,3.8892,7.701,3.8118,8.42,7.88,-0.54,278,260,-18,0.305543,2.14671,1.84117,0.017203,-0.004259,-0.021462,0.57554,0.04231,-0.53323,0.111511,0.90769,0.796179,0.31295,0.05,-0.26295
215,IR,sp,8,43,2026-07-13 07:00:24,200,33,0.7138,0.7634,0.0496,0.7024,0.8388,0.1364,0.0155,-0.1005,-0.116,3.8892,4.5614,0.6722,8.42,7.15,-1.27,278,236,-42,0.305543,0.427558,0.122015,0.017203,-0.09982,-0.117023,0.57554,0.44915,-0.12639,0.111511,0.21186,0.100349,0.31295,0.33898,0.02603
216,AGR,sp,8,43,2026-07-13 07:03:14,200,33,0.7138,0.8658,0.152,0.7024,0.8223,0.1199,0.0155,0.0512,0.0357,3.8892,8.0924,4.2032,8.42,8.21,-0.21,278,271,-7,0.305543,1.11705,0.811507,0.017203,0.051264,0.034061,0.57554,0.01476,-0.56078,0.111511,0.97417,0.862659,0.31295,0.01107,-0.30188
217,RANDOM,sp,8,43,2026-07-13 07:05:17,200,33,0.7138,0.689,-0.0248,0.7024,0.6962,-0.0062,0.0155,-0.0094,-0.0249,3.8892,3.5482,-0.341,8.42,6.94,-1.48,278,229,-49,0.305543,0.362622,0.057079,0.017203,-0.009174,-0.026377,0.57554,0.57205,-0.00349,0.111511,0.1179,0.006389,0.31295,0.31004,-0.00291
219,OI,sp,8,44,2026-07-13 07:13:56,200,33,0.7051,0.8607,0.1556,0.6962,0.8638,0.1676,0.0121,-0.0034,-0.0155,3.7683,7.7662,3.9979,8.42,7.97,-0.45,278,263,-15,0.289496,1.99824,1.70874,0.014112,-0.002608,-0.01672,0.589928,0.04183,-0.548098,0.097122,0.90114,0.804018,0.31295,0.05703,-0.25592
220,IR,sp,8,44,2026-07-13 07:16:05,200,33,0.7051,0.7589,0.0538,0.6962,0.8324,0.1362,0.0121,-0.0987,-0.1108,3.7683,4.4321,0.6638,8.42,7.06,-1.36,278,233,-45,0.289496,0.381464,0.091968,0.014112,-0.096019,-0.110131,0.589928,0.49785,-0.092078,0.097122,0.12876,0.031638,0.31295,0.37339,0.06044
221,AGR,sp,8,44,2026-07-13 07:19:04,200,33,0.7051,0.8598,0.1547,0.6962,0.8111,0.1149,0.0121,0.0579,0.0458,3.7683,7.847,4.0787,8.42,8,-0.42,278,264,-14,0.289496,1.56219,1.27269,0.014112,0.057049,0.042937,0.589928,0.02273,-0.567198,0.097122,0.95076,0.853638,0.31295,0.02652,-0.28643
222,RANDOM,sp,8,44,2026-07-13 07:21:05,200,33,0.7051,0.6992,-0.0059,0.6962,0.6962,0,0.0121,0.005,-0.0071,3.7683,3.6118,-0.1565,8.42,6.82,-1.6,278,225,-53,0.289496,0.351341,0.061845,0.014112,0.004576,-0.009536,0.589928,0.54667,-0.043258,0.097122,0.12889,0.031768,0.31295,0.32444,0.01149
223,OI,sp,8,45,2026-07-13 07:29:14,200,33,0.7064,0.8585,0.1521,0.6936,0.8638,0.1702,0.0194,-0.0062,-0.0256,3.8016,7.5969,3.7953,8.24,7.82,-0.42,272,258,-14,0.316658,1.35708,1.04042,0.019089,-0.004358,-0.023447,0.595588,0.06977,-0.525818,0.099265,0.86822,0.768955,0.305147,0.06202,-0.243127
224,IR,sp,8,45,2026-07-13 07:31:14,200,33,0.7064,0.771,0.0646,0.6936,0.8418,0.1482,0.0194,-0.0935,-0.1129,3.8016,4.6169,0.8153,8.24,6.82,-1.42,272,225,-47,0.316658,0.427107,0.110449,0.019089,-0.092115,-0.111204,0.595588,0.42667,-0.168918,0.099265,0.20444,0.105175,0.305147,0.36889,0.063743
225,AGR,sp,8,45,2026-07-13 07:34:02,200,33,0.7064,0.8589,0.1525,0.6936,0.8109,0.1173,0.0194,0.0574,0.038,3.8016,7.7645,3.9629,8.24,7.88,-0.36,272,260,-12,0.316658,1.25845,0.941792,0.019089,0.056511,0.037422,0.595588,0.02692,-0.568668,0.099265,0.95385,0.854585,0.305147,0.01923,-0.285917
226,RANDOM,sp,8,45,2026-07-13 07:36:04,200,33,0.7064,0.6781,-0.0283,0.6936,0.6814,-0.0122,0.0194,-0.0054,-0.0248,3.8016,3.5271,-0.2745,8.24,6.76,-1.48,272,223,-49,0.316658,0.367204,0.050546,0.019089,-0.003147,-0.022236,0.595588,0.5426,-0.052988,0.099265,0.15247,0.053205,0.305147,0.30493,-0.000217
227,OI,sp,8,46,2026-07-13 07:40:07,200,33,0.7057,0.8626,0.1569,0.6926,0.8612,0.1686,0.0203,0.0022,-0.0181,3.778,7.9674,4.1894,8.42,8.15,-0.27,278,269,-9,0.322976,1.82633,1.50335,0.019667,0.002705,-0.016962,0.593525,0.03717,-0.556355,0.100719,0.91822,0.817501,0.305755,0.04461,-0.261145
228,IR,sp,8,46,2026-07-13 07:42:15,200,33,0.7057,0.7582,0.0525,0.6926,0.8359,0.1433,0.0203,-0.1055,-0.1258,3.778,4.3974,0.6194,8.42,6.91,-1.51,278,228,-50,0.322976,0.428503,0.105527,0.019667,-0.102129,-0.121796,0.593525,0.47807,-0.115455,0.100719,0.17544,0.074721,0.305755,0.34649,0.040735
229,AGR,sp,8,46,2026-07-13 07:45:16,200,33,0.7057,0.8627,0.157,0.6926,0.8161,0.1235,0.0203,0.0551,0.0348,3.778,8.0397,4.2617,8.42,8.18,-0.24,278,270,-8,0.322976,1.68971,1.36673,0.019667,0.054975,0.035308,0.593525,0.03704,-0.556485,0.100719,0.91852,0.817801,0.305755,0.04444,-0.261315
230,RANDOM,sp,8,46,2026-07-13 07:47:16,200,33,0.7057,0.6891,-0.0166,0.6926,0.6876,-0.005,0.0203,0.0021,-0.0182,3.778,3.6266,-0.1514,8.42,6.82,-1.6,278,225,-53,0.322976,0.394376,0.0714,0.019667,0.00363,-0.016037,0.593525,0.54222,-0.051305,0.100719,0.16444,0.063721,0.305755,0.29333,-0.012425
231,OI,sp,8,47,2026-07-13 07:50:14,200,33,0.709,0.8628,0.1538,0.6877,0.8661,0.1784,0.0322,-0.0037,-0.0359,3.8342,7.682,3.8478,8.36,7.85,-0.51,276,259,-17,0.286928,2.03532,1.74839,0.031396,-0.003122,-0.034518,0.597826,0.04247,-0.555356,0.083333,0.91506,0.831727,0.318841,0.04247,-0.276371
232,IR,sp,8,47,2026-07-13 07:52:11,200,33,0.709,0.7619,0.0529,0.6877,0.8308,0.1431,0.0322,-0.0919,-0.1241,3.8342,4.5214,0.6872,8.36,7.06,-1.3,276,233,-43,0.286928,0.401252,0.114324,0.031396,-0.089518,-0.120914,0.597826,0.4721,-0.125726,0.083333,0.18455,0.101217,0.318841,0.34335,0.024509
233,AGR,sp,8,47,2026-07-13 07:55:06,200,33,0.709,0.867,0.158,0.6877,0.8239,0.1362,0.0322,0.0505,0.0183,3.8342,7.999,4.1648,8.36,8.09,-0.27,276,267,-9,0.286928,1.80443,1.5175,0.031396,0.050358,0.018962,0.597826,0.01498,-0.582846,0.083333,0.97753,0.894197,0.318841,0.00749,-0.311351
234,RANDOM,sp,8,47,2026-07-13 07:57:07,200,33,0.709,0.6957,-0.0133,0.6877,0.6965,0.0088,0.0322,0.0003,-0.0319,3.8342,3.573,-0.2612,8.36,6.7,-1.66,276,221,-55,0.286928,0.406384,0.119456,0.031396,0.001772,-0.029624,0.597826,0.53394,-0.063886,0.083333,0.181,0.097667,0.318841,0.28507,-0.033771
235,OI,sp,8,48,2026-07-13 08:00:57,200,33,0.7116,0.8644,0.1528,0.6988,0.8595,0.1607,0.0189,0.0055,-0.0134,3.8536,8.03,4.1764,8.55,8.24,-0.31,282,272,-10,0.292399,1.57281,1.28041,0.019442,0.006816,-0.012626,0.588652,0.06618,-0.522472,0.102837,0.87868,0.775843,0.308511,0.05515,-0.253361
236,IR,sp,8,48,2026-07-13 08:03:05,200,33,0.7116,0.7661,0.0545,0.6988,0.8364,0.1376,0.0189,-0.0938,-0.1127,3.8536,4.5225,0.6689,8.55,7,-1.55,282,231,-51,0.292399,0.48071,0.188311,0.019442,-0.092543,-0.111985,0.588652,0.45022,-0.138432,0.102837,0.22511,0.122273,0.308511,0.32468,0.016169
237,AGR,sp,8,48,2026-07-13 08:05:54,200,33,0.7116,0.8606,0.149,0.6988,0.8209,0.1221,0.0189,0.047,0.0281,3.8536,7.8479,3.9943,8.55,7.94,-0.61,282,262,-20,0.292399,1.03864,0.746241,0.019442,0.047156,0.027714,0.588652,0.01527,-0.573382,0.102837,0.97328,0.870443,0.308511,0.01145,-0.297061
238,RANDOM,sp,8,48,2026-07-13 08:07:53,200,33,0.7116,0.699,-0.0126,0.6988,0.7021,0.0033,0.0189,-0.0035,-0.0224,3.8536,3.744,-0.1096,8.55,6.79,-1.76,282,224,-58,0.292399,0.33804,0.045641,0.019442,-0.001416,-0.020858,0.588652,0.51339,-0.075262,0.102837,0.16518,0.062343,0.308511,0.32143,0.012919
239,OI,sp,8,49,2026-07-13 08:11:55,200,33,0.7022,0.8588,0.1566,0.685,0.8603,0.1753,0.0259,-0.0018,-0.0277,3.7415,7.8562,4.1147,8.48,8.03,-0.45,280,265,-15,0.284026,2.26116,1.97713,0.025836,-0.000458,-0.026294,0.596429,0.03019,-0.566239,0.092857,0.91321,0.820353,0.310714,0.0566,-0.254114
240,IR,sp,8,49,2026-07-13 08:13:56,200,33,0.7022,0.7701,0.0679,0.685,0.8409,0.1559,0.0259,-0.0947,-0.1206,3.7415,4.7029,0.9614,8.48,6.88,-1.6,280,227,-53,0.284026,0.466068,0.182042,0.025836,-0.091771,-0.117607,0.596429,0.43172,-0.164709,0.092857,0.21145,0.118593,0.310714,0.35683,0.046116
241,AGR,sp,8,49,2026-07-13 08:16:53,200,33,0.7022,0.8603,0.1581,0.685,0.8273,0.1423,0.0259,0.0394,0.0135,3.7415,7.8422,4.1007,8.48,7.97,-0.51,280,263,-17,0.284026,1.4009,1.11687,0.025836,0.039274,0.013438,0.596429,0.01521,-0.581219,0.092857,0.95437,0.861513,0.310714,0.03042,-0.280294
242,RANDOM,sp,8,49,2026-07-13 08:18:59,200,33,0.7022,0.6847,-0.0175,0.685,0.6824,-0.0026,0.0259,0.0025,-0.0234,3.7415,3.5424,-0.1991,8.48,6.39,-2.09,280,211,-69,0.284026,0.444849,0.160823,0.025836,0.005829,-0.020007,0.596429,0.52133,-0.075099,0.092857,0.19431,0.101453,0.310714,0.28436,-0.026354
243,OI,sp,8,50,2026-07-13 08:22:34,200,33,0.7082,0.8602,0.152,0.7008,0.8679,0.1671,0.0119,-0.0096,-0.0215,3.816,7.8478,4.0318,8.39,8,-0.39,277,264,-13,0.307751,1.70628,1.39853,0.011477,-0.008039,-0.019516,0.599278,0.0303,-0.568978,0.097473,0.92803,0.830557,0.303249,0.04167,-0.261579
244,IR,sp,8,50,2026-07-13 08:24:38,200,33,0.7082,0.7552,0.047,0.7008,0.8312,0.1304,0.0119,-0.1023,-0.1142,3.816,4.3896,0.5736,8.39,7,-1.39,277,231,-46,0.307751,0.406928,0.099177,0.011477,-0.101559,-0.113036,0.599278,0.48052,-0.118758,0.097473,0.16017,0.062697,0.303249,0.35931,0.056061
245,AGR,sp,8,50,2026-07-13 08:27:44,200,33,0.7082,0.8625,0.1543,0.7008,0.8227,0.1219,0.0119,0.0472,0.0353,3.816,7.9484,4.1324,8.39,8.06,-0.33,277,266,-11,0.307751,1.63764,1.32989,0.011477,0.046761,0.035284,0.599278,0.03759,-0.561688,0.097473,0.94361,0.846137,0.303249,0.0188,-0.284449
246,RANDOM,sp,8,50,2026-07-13 08:29:48,200,33,0.7082,0.7068,-0.0014,0.7008,0.6956,-0.0052,0.0119,0.0161,0.0042,3.816,3.8683,0.0523,8.39,6.85,-1.54,277,226,-51,0.307751,0.338289,0.030538,0.011477,0.017624,0.006147,0.599278,0.53097,-0.068308,0.097473,0.13274,0.035267,0.303249,0.33628,0.033031
