id,strategy,breed_suffix,breed_id,replicate_num,completed_at,pop_size,loci,gen0_he,gen0_ne,gen0_na,gen20_he,gen20_ne,gen20_na,he_delta,ne_delta,na_delta,gen0_oi,gen20_oi,oi_delta,gen0_ir,gen20_ir,ir_delta,gen0_band_infr,gen20_band_infr,gen0_band_norm,gen20_band_norm,gen0_band_hfreq,gen20_band_hfreq,band_infr_delta,band_norm_delta,band_hfreq_delta,gen0_total_alleles,gen20_total_alleles,total_alleles_delta,gen0_ho,gen0_fis,genN_ho,genN_fis,ho_delta,fis_delta
1,OI,dp,16,1,"2026-07-13 08:36:02",200,33,0.5079,2.3139,6.27,0.7954,5.4506,5.64,0.2875,3.1367,-0.63,0.228998,1.75979,1.53079,0.055273,0.003142,-0.052131,0.098409,0.06989,0.101818,0.86022,0.799773,0.06989,-0.028519,0.758402,-0.729883,207,186,-21,0.4811,0.0491,0.7935,0.0018,0.3124,-0.0473
2,IR,dp,16,1,"2026-07-13 08:38:10",200,33,0.5079,2.3139,6.27,0.6499,3.0416,4.79,0.142,0.7277,-1.48,0.228998,0.396464,0.167466,0.055273,-0.124191,-0.179464,0.098409,0.4557,0.101818,0.17089,0.799773,0.37342,0.357291,0.069072,-0.426353,207,158,-49,0.4811,0.0491,0.7282,-0.1199,0.2471,-0.169
3,AGR,dp,16,1,"2026-07-13 08:41:05",200,33,0.5079,2.3139,6.27,0.79,5.4189,5.7,0.2821,3.105,-0.57,0.228998,1.2031,0.974102,0.055273,0.063013,0.00774,0.098409,0.12766,0.101818,0.78723,0.799773,0.08511,0.029251,0.685412,-0.714663,207,188,-19,0.4811,0.0491,0.7391,0.0684,0.258,0.0193
4,RANDOM,dp,16,1,"2026-07-13 08:43:07",200,33,0.5079,2.3139,6.27,0.482,2.2441,4.42,-0.0259,-0.0698,-1.85,0.228998,0.326019,0.097021,0.055273,0.003937,-0.051336,0.098409,0.55479,0.101818,0.15753,0.799773,0.28767,0.456381,0.055712,-0.512103,207,146,-61,0.4811,0.0491,0.4812,0.0092,0.0001,-0.0399
5,OI,dp,16,2,"2026-07-13 08:48:40",200,33,0.509,2.3378,6.03,0.7882,5.3414,5.45,0.2792,3.0036,-0.58,0.23288,1.55717,1.32429,0.012026,-0.007727,-0.019753,0.114848,0.03333,0.085227,0.94444,0.799924,0.02222,-0.081518,0.859213,-0.777704,199,180,-19,0.5045,0.0192,0.7945,-0.0076,0.29,-0.0268
6,IR,dp,16,2,"2026-07-13 08:50:51",200,33,0.509,2.3378,6.03,0.6563,3.0929,4.85,0.1473,0.7551,-1.18,0.23288,0.436669,0.203789,0.012026,-0.10372,-0.115746,0.114848,0.43125,0.085227,0.23125,0.799924,0.3375,0.316402,0.146023,-0.462424,199,160,-39,0.5045,0.0192,0.7224,-0.1029,0.2179,-0.1221
7,AGR,dp,16,2,"2026-07-13 08:53:37",200,33,0.509,2.3378,6.03,0.7779,5.23,5.64,0.2689,2.8922,-0.39,0.23288,1.24771,1.01483,0.012026,0.057512,0.045486,0.114848,0.12366,0.085227,0.76344,0.799924,0.1129,0.008812,0.678213,-0.687024,199,186,-13,0.5045,0.0192,0.7318,0.0626,0.2273,0.0434
8,RANDOM,dp,16,2,"2026-07-13 08:55:32",200,33,0.509,2.3378,6.03,0.5037,2.3489,4.39,-0.0053,0.0111,-1.64,0.23288,0.29706,0.06418,0.012026,-0.005996,-0.018022,0.114848,0.56552,0.085227,0.08966,0.799924,0.34483,0.450672,0.004433,-0.455094,199,145,-54,0.5045,0.0192,0.5059,-0.0031,0.0014,-0.0223
9,OI,dp,16,3,"2026-07-13 09:04:30",200,33,0.5026,2.3033,6.03,0.7943,5.5579,5.7,0.2917,3.2546,-0.33,0.234743,2.19911,1.96437,0.055372,0.017024,-0.038348,0.100379,0.05319,0.104621,0.90957,0.795,0.03723,-0.047189,0.804949,-0.75777,199,188,-11,0.477,0.045,0.7818,0.0153,0.3048,-0.0297
10,IR,dp,16,3,"2026-07-13 09:06:44",200,33,0.5026,2.3033,6.03,0.6722,3.2861,5,0.1696,0.9828,-1.03,0.234743,0.461267,0.226524,0.055372,-0.123134,-0.178506,0.100379,0.44848,0.104621,0.20606,0.795,0.34545,0.348101,0.101439,-0.44955,199,165,-34,0.477,0.045,0.7523,-0.1215,0.2753,-0.1665
11,AGR,dp,16,3,"2026-07-13 09:09:40",200,33,0.5026,2.3033,6.03,0.7712,5.3407,5.64,0.2686,3.0374,-0.39,0.234743,1.24813,1.01339,0.055372,0.071932,0.01656,0.100379,0.12366,0.104621,0.79032,0.795,0.08602,0.023281,0.685699,-0.70898,199,186,-13,0.477,0.045,0.7147,0.0771,0.2377,0.0321
12,RANDOM,dp,16,3,"2026-07-13 09:11:45",200,33,0.5026,2.3033,6.03,0.5081,2.3285,4.48,0.0055,0.0252,-1.55,0.234743,0.282712,0.047969,0.055372,-0.003279,-0.058651,0.100379,0.56757,0.104621,0.10135,0.795,0.33108,0.467191,-0.003271,-0.46392,199,148,-51,0.477,0.045,0.5111,0.0013,0.0341,-0.0437
13,OI,dp,16,4,"2026-07-13 09:20:29",200,33,0.5011,2.304,5.88,0.7959,5.3105,5.45,0.2948,3.0065,-0.43,0.215004,1.87677,1.66177,0.035566,0.002499,-0.033067,0.097955,0.05556,0.090985,0.90556,0.811061,0.03889,-0.042395,0.814575,-0.772171,194,180,-14,0.4847,0.034,0.7948,0.0031,0.3101,-0.0309
14,IR,dp,16,4,"2026-07-13 09:22:36",200,33,0.5011,2.304,5.88,0.6256,2.8466,4.42,0.1245,0.5426,-1.46,0.215004,0.387142,0.172138,0.035566,-0.130526,-0.166092,0.097955,0.45205,0.090985,0.19178,0.811061,0.35616,0.354095,0.100795,-0.454901,194,146,-48,0.4847,0.034,0.7045,-0.1272,0.2198,-0.1612
15,AGR,dp,16,4,"2026-07-13 09:25:42",200,33,0.5011,2.304,5.88,0.7777,5.117,5.45,0.2766,2.813,-0.43,0.215004,1.02621,0.811206,0.035566,0.065504,0.029938,0.097955,0.12778,0.090985,0.76667,0.811061,0.10556,0.029825,0.675685,-0.705501,194,180,-14,0.4847,0.034,0.7255,0.0684,0.2408,0.0344
16,RANDOM,dp,16,4,"2026-07-13 09:27:40",200,33,0.5011,2.304,5.88,0.4688,2.1683,4.21,-0.0323,-0.1357,-1.67,0.215004,0.322392,0.107388,0.035566,0.009175,-0.026391,0.097955,0.56835,0.090985,0.11511,0.811061,0.31655,0.470395,0.024125,-0.494511,194,139,-55,0.4847,0.034,0.4671,0.0072,-0.0176,-0.0268
17,OI,dp,16,5,"2026-07-13 23:28:49",200,33,0.5042,2.3261,5.88,0.7851,5.2441,5.36,0.2809,2.918,-0.52,0.254195,1.74237,1.48818,0.05196,-0.002541,-0.054501,0.101288,0.05085,0.11947,0.9096,0.779242,0.03955,-0.050438,0.79013,-0.739692,194,177,-17,0.4797,0.0499,0.7868,-0.0024,0.3071,-0.0523
18,IR,dp,16,5,"2026-07-13 23:31:00",200,33,0.5042,2.3261,5.88,0.6604,3.1922,4.85,0.1562,0.8661,-1.03,0.254195,0.459242,0.205047,0.05196,-0.121358,-0.173318,0.101288,0.4375,0.11947,0.20625,0.779242,0.35625,0.336212,0.08678,-0.422992,194,160,-34,0.4797,0.0499,0.7392,-0.1212,0.2595,-0.1711
19,AGR,dp,16,5,"2026-07-13 23:33:58",200,33,0.5042,2.3261,5.88,0.7741,5.0695,5.48,0.2699,2.7434,-0.4,0.254195,0.997715,0.74352,0.05196,0.062765,0.010805,0.101288,0.12707,0.11947,0.73481,0.779242,0.13812,0.025782,0.61534,-0.641122,194,181,-13,0.4797,0.0499,0.7241,0.0671,0.2444,0.0172
20,RANDOM,dp,16,5,"2026-07-13 23:35:52",200,33,0.5042,2.3261,5.88,0.4858,2.221,4.12,-0.0184,-0.1051,-1.76,0.254195,0.320959,0.066764,0.05196,-0.005563,-0.057523,0.101288,0.56618,0.11947,0.11765,0.779242,0.31618,0.464892,-0.00182,-0.463062,194,136,-58,0.4797,0.0499,0.4895,-0.0019,0.0098,-0.0518
21,OI,dp,16,6,"2026-07-13 23:44:43",200,33,0.5,2.2991,5.55,0.7823,5.1714,5.3,0.2823,2.8723,-0.25,0.266841,1.84382,1.57698,0.043783,-0.004264,-0.048047,0.103788,0.04571,0.128485,0.90857,0.767727,0.04571,-0.058078,0.780085,-0.722017,183,175,-8,0.4792,0.0402,0.7867,-0.0052,0.3075,-0.0454
22,IR,dp,16,6,"2026-07-13 23:46:53",200,33,0.5,2.2991,5.55,0.6466,3.0862,4.79,0.1466,0.7871,-0.76,0.266841,0.408132,0.141291,0.043783,-0.113868,-0.157651,0.103788,0.44937,0.128485,0.16456,0.767727,0.38608,0.345582,0.036075,-0.381647,183,158,-25,0.4792,0.0402,0.7192,-0.1156,0.24,-0.1558
23,AGR,dp,16,6,"2026-07-13 23:49:52",200,33,0.5,2.2991,5.55,0.7576,4.7786,5.09,0.2576,2.4795,-0.46,0.266841,0.977969,0.711128,0.043783,0.075594,0.031811,0.103788,0.08333,0.128485,0.82143,0.767727,0.09524,-0.020458,0.692945,-0.672487,183,168,-15,0.4792,0.0402,0.6991,0.0833,0.2199,0.0431
24,RANDOM,dp,16,6,"2026-07-13 23:51:54",200,33,0.5,2.2991,5.55,0.489,2.2406,4.27,-0.011,-0.0585,-1.28,0.266841,0.321007,0.054166,0.043783,-0.013961,-0.057744,0.103788,0.56738,0.128485,0.11348,0.767727,0.31915,0.463592,-0.015005,-0.448577,183,141,-42,0.4792,0.0402,0.4986,-0.0202,0.0194,-0.0604
25,OI,dp,16,7,"2026-07-13 23:54:50",200,33,0.5038,2.3054,5.94,0.797,5.4375,5.58,0.2932,3.1321,-0.36,0.237618,1.81254,1.57492,0.050005,0.005979,-0.044026,0.104773,0.02717,0.102121,0.92391,0.793106,0.04891,-0.077603,0.821789,-0.744196,196,184,-12,0.4803,0.0426,0.7932,0.004,0.3129,-0.0386
26,IR,dp,16,7,"2026-07-13 23:56:52",200,33,0.5038,2.3054,5.94,0.6451,3.105,4.76,0.1413,0.7996,-1.18,0.237618,0.389117,0.151499,0.050005,-0.118645,-0.16865,0.104773,0.43949,0.102121,0.19745,0.793106,0.36306,0.334717,0.095329,-0.430046,196,157,-39,0.4803,0.0426,0.7197,-0.1197,0.2394,-0.1623
27,AGR,dp,16,7,"2026-07-13 23:59:45",200,33,0.5038,2.3054,5.94,0.7792,5.1509,5.39,0.2754,2.8455,-0.55,0.237618,1.24455,1.00693,0.050005,0.067393,0.017388,0.104773,0.09551,0.102121,0.81461,0.793106,0.08989,-0.009263,0.712489,-0.703216,196,178,-18,0.4803,0.0426,0.7256,0.071,0.2453,0.0284
28,RANDOM,dp,16,7,"2026-07-14 00:01:45",200,33,0.5038,2.3054,5.94,0.4945,2.2558,4.36,-0.0093,-0.0496,-1.58,0.237618,0.33552,0.097902,0.050005,-0.008457,-0.058462,0.104773,0.58333,0.102121,0.10417,0.793106,0.3125,0.478557,0.002049,-0.480606,196,144,-52,0.4803,0.0426,0.502,-0.0159,0.0217,-0.0585
29,OI,dp,16,8,"2026-07-14 00:04:44",200,33,0.5065,2.3272,6,0.7883,5.3657,5.48,0.2818,3.0385,-0.52,0.260763,2.41157,2.15081,0.057225,-0.00963,-0.066855,0.094545,0.0442,0.134621,0.90608,0.770833,0.04972,-0.050345,0.771459,-0.721113,198,181,-17,0.4788,0.0474,0.7967,-0.0118,0.3179,-0.0592
30,IR,dp,16,8,"2026-07-14 00:06:51",200,33,0.5065,2.3272,6,0.6418,3.0021,4.85,0.1353,0.6749,-1.15,0.260763,0.389133,0.12837,0.057225,-0.128115,-0.18534,0.094545,0.49375,0.134621,0.14375,0.770833,0.3625,0.399205,0.009129,-0.408333,198,160,-38,0.4788,0.0474,0.7232,-0.127,0.2444,-0.1744
31,AGR,dp,16,8,"2026-07-14 00:09:50",200,33,0.5065,2.3272,6,0.7857,5.2939,5.61,0.2792,2.9667,-0.39,0.260763,1.12895,0.868187,0.057225,0.064268,0.007043,0.094545,0.12973,0.134621,0.74054,0.770833,0.12973,0.035185,0.605919,-0.641103,198,185,-13,0.4788,0.0474,0.7339,0.0693,0.2551,0.0219
32,RANDOM,dp,16,8,"2026-07-14 00:11:53",200,33,0.5065,2.3272,6,0.5025,2.2645,4.39,-0.004,-0.0627,-1.61,0.260763,0.352896,0.092133,0.057225,-0.011351,-0.068576,0.094545,0.55172,0.134621,0.17241,0.770833,0.27586,0.457175,0.037789,-0.494973,198,145,-53,0.4788,0.0474,0.5112,-0.0108,0.0324,-0.0582
33,OI,dp,16,9,"2026-07-14 00:27:06",200,33,0.5027,2.3054,6.09,0.7992,5.5347,5.7,0.2965,3.2293,-0.39,0.244117,1.51634,1.27222,0.037023,-0.009809,-0.046832,0.103561,0.04787,0.108939,0.90957,0.7875,0.04255,-0.055691,0.800631,-0.74495,201,188,-13,0.4856,0.0349,0.8074,-0.011,0.3218,-0.0459
34,IR,dp,16,9,"2026-07-14 00:29:18",200,33,0.5027,2.3054,6.09,0.6461,3.0242,4.82,0.1434,0.7188,-1.27,0.244117,0.404569,0.160452,0.037023,-0.113956,-0.150979,0.103561,0.44654,0.108939,0.19497,0.7875,0.35849,0.342979,0.086031,-0.42901,201,159,-42,0.4856,0.0349,0.7183,-0.116,0.2327,-0.1509
35,AGR,dp,16,9,"2026-07-14 00:32:16",200,33,0.5027,2.3054,6.09,0.7726,5.0756,5.48,0.2699,2.7702,-0.61,0.244117,1.13585,0.891733,0.037023,0.066296,0.029273,0.103561,0.1326,0.108939,0.76243,0.7875,0.10497,0.029039,0.653491,-0.68253,201,181,-20,0.4856,0.0349,0.7205,0.0683,0.2349,0.0334
36,RANDOM,dp,16,9,"2026-07-14 00:34:17",200,33,0.5027,2.3054,6.09,0.4854,2.2147,4.33,-0.0173,-0.0907,-1.76,0.244117,0.338112,0.093995,0.037023,0.005028,-0.031995,0.103561,0.56643,0.108939,0.13986,0.7875,0.29371,0.462869,0.030921,-0.49379,201,143,-58,0.4856,0.0349,0.4867,0.0028,0.0011,-0.0321
37,OI,dp,16,10,"2026-07-14 00:37:34",200,33,0.5054,2.3121,5.91,0.794,5.4629,5.64,0.2886,3.1508,-0.27,0.243916,1.91246,1.66854,0.049226,-0.008775,-0.058001,0.105758,0.04301,0.106288,0.9086,0.787955,0.04839,-0.062748,0.802312,-0.739565,195,186,-9,0.4814,0.0491,0.8014,-0.0093,0.32,-0.0584
38,IR,dp,16,10,"2026-07-14 00:39:44",200,33,0.5054,2.3121,5.91,0.6454,2.996,4.85,0.14,0.6839,-1.06,0.243916,0.380799,0.136883,0.049226,-0.117362,-0.166588,0.105758,0.45,0.106288,0.18125,0.787955,0.36875,0.344242,0.074962,-0.419205,195,160,-35,0.4814,0.0491,0.7202,-0.1156,0.2388,-0.1647
39,AGR,dp,16,10,"2026-07-14 00:42:45",200,33,0.5054,2.3121,5.91,0.7733,5.1296,5.42,0.2679,2.8175,-0.49,0.243916,1.10685,0.862934,0.049226,0.058862,0.009636,0.105758,0.10056,0.106288,0.80447,0.787955,0.09497,-0.005198,0.698182,-0.692985,195,179,-16,0.4814,0.0491,0.7262,0.0618,0.2448,0.0127
40,RANDOM,dp,16,10,"2026-07-14 00:44:44",200,33,0.5054,2.3121,5.91,0.4921,2.2253,4.36,-0.0133,-0.0868,-1.55,0.243916,0.354024,0.110108,0.049226,-0.014671,-0.063897,0.105758,0.56944,0.106288,0.13194,0.787955,0.29861,0.463682,0.025652,-0.489345,195,144,-51,0.4814,0.0491,0.5006,-0.0185,0.0192,-0.0676
41,OI,dp,16,11,"2026-07-14 00:55:52",200,33,0.5029,2.3218,6,0.7947,5.4158,5.55,0.2918,3.094,-0.45,0.2241,1.36017,1.13607,0.038627,-0.004597,-0.043224,0.104091,0.02732,0.091212,0.92896,0.804697,0.04372,-0.076771,0.837748,-0.760977,198,183,-15,0.4848,0.033,0.7988,-0.0049,0.314,-0.0379
42,IR,dp,16,11,"2026-07-14 00:58:03",200,33,0.5029,2.3218,6,0.6584,3.1739,4.73,0.1555,0.8521,-1.27,0.2241,0.420303,0.196203,0.038627,-0.11915,-0.157777,0.104091,0.42308,0.091212,0.21154,0.804697,0.36538,0.318989,0.120328,-0.439317,198,156,-42,0.4848,0.033,0.7347,-0.1172,0.2499,-0.1502
43,AGR,dp,16,11,"2026-07-14 01:01:07",200,33,0.5029,2.3218,6,0.779,5.2041,5.48,0.2761,2.8823,-0.52,0.2241,1.40407,1.17997,0.038627,0.052887,0.01426,0.104091,0.12155,0.091212,0.77348,0.804697,0.10497,0.017459,0.682268,-0.699727,198,181,-17,0.4848,0.033,0.7367,0.0598,0.2519,0.0268
44,RANDOM,dp,16,11,"2026-07-14 01:03:10",200,33,0.5029,2.3218,6,0.5097,2.3779,4.45,0.0068,0.0561,-1.55,0.2241,0.337934,0.113834,0.038627,-0.001066,-0.039693,0.104091,0.53741,0.091212,0.14966,0.804697,0.31293,0.433319,0.058448,-0.491767,198,147,-51,0.4848,0.033,0.5121,-0.0022,0.0273,-0.0352
45,OI,dp,16,12,"2026-07-14 01:14:04",200,33,0.5047,2.3268,6.21,0.8065,5.6689,5.88,0.3018,3.3421,-0.33,0.240726,1.56045,1.31972,0.038233,0.001415,-0.036818,0.089167,0.07216,0.123939,0.84536,0.786894,0.08247,-0.017007,0.721421,-0.704424,205,194,-11,0.4867,0.032,0.8055,0.001,0.3188,-0.031
46,IR,dp,16,12,"2026-07-14 01:16:05",200,33,0.5047,2.3268,6.21,0.65,3.1121,4.52,0.1453,0.7853,-1.69,0.240726,0.482428,0.241702,0.038233,-0.126504,-0.164737,0.089167,0.4094,0.123939,0.24832,0.786894,0.34228,0.320233,0.124381,-0.444614,205,149,-56,0.4867,0.032,0.7295,-0.1283,0.2428,-0.1603
47,AGR,dp,16,12,"2026-07-14 01:18:58",200,33,0.5047,2.3268,6.21,0.7836,5.2633,5.64,0.2789,2.9365,-0.57,0.240726,1.05496,0.814234,0.038233,0.056546,0.018313,0.089167,0.13441,0.123939,0.73118,0.786894,0.13441,0.045243,0.607241,-0.652484,205,186,-19,0.4867,0.032,0.7377,0.0611,0.251,0.0291
48,RANDOM,dp,16,12,"2026-07-14 01:21:04",200,33,0.5047,2.3268,6.21,0.4993,2.2609,4.52,-0.0054,-0.0659,-1.69,0.240726,0.297211,0.056485,0.038233,0.005976,-0.032257,0.089167,0.57718,0.123939,0.10738,0.786894,0.31544,0.488013,-0.016559,-0.471454,205,149,-56,0.4867,0.032,0.4991,0.0029,0.0124,-0.0291
49,OI,dp,16,13,"2026-07-14 01:25:26",200,33,0.5007,2.2857,5.73,0.7918,5.2921,5.39,0.2911,3.0064,-0.34,0.232738,1.87431,1.64157,0.034554,-0.009308,-0.043862,0.101212,0.01685,0.102348,0.9382,0.796439,0.04494,-0.084362,0.835852,-0.751499,189,178,-11,0.485,0.0304,0.8,-0.0107,0.315,-0.0411
50,IR,dp,16,13,"2026-07-14 01:27:30",200,33,0.5007,2.2857,5.73,0.6518,3.0036,4.58,0.1511,0.7179,-1.15,0.232738,0.428305,0.195567,0.034554,-0.11842,-0.152974,0.101212,0.44371,0.102348,0.21192,0.796439,0.34437,0.342498,0.109572,-0.452069,189,151,-38,0.485,0.0304,0.7268,-0.1153,0.2418,-0.1457
51,AGR,dp,16,13,"2026-07-14 01:30:42",200,33,0.5007,2.2857,5.73,0.7759,5.0559,5.36,0.2752,2.7702,-0.37,0.232738,1.17225,0.939512,0.034554,0.061419,0.026865,0.101212,0.12994,0.102348,0.76271,0.796439,0.10734,0.028728,0.660362,-0.689099,189,177,-12,0.485,0.0304,0.7259,0.0672,0.2409,0.0368
52,RANDOM,dp,16,13,"2026-07-14 01:32:46",200,33,0.5007,2.2857,5.73,0.4896,2.1975,4.27,-0.0111,-0.0882,-1.46,0.232738,0.328321,0.095583,0.034554,0.008292,-0.026262,0.101212,0.5461,0.102348,0.15603,0.796439,0.29787,0.444888,0.053682,-0.498569,189,141,-48,0.485,0.0304,0.4874,0.0111,0.0024,-0.0193
53,OI,dp,16,14,"2026-07-14 01:41:23",200,33,0.5076,2.3401,6.3,0.8032,5.5984,5.82,0.2956,3.2583,-0.48,0.228782,1.6656,1.43682,0.053503,0.001546,-0.051957,0.098636,0.07292,0.101818,0.86979,0.799545,0.05729,-0.025716,0.767972,-0.742255,208,192,-16,0.4818,0.0438,0.8023,0.0018,0.3205,-0.042
54,IR,dp,16,14,"2026-07-14 01:43:28",200,33,0.5076,2.3401,6.3,0.642,3.0216,4.67,0.1344,0.6815,-1.63,0.228782,0.38318,0.154398,0.053503,-0.105275,-0.158778,0.098636,0.42857,0.101818,0.19481,0.799545,0.37662,0.329934,0.092992,-0.422925,208,154,-54,0.4818,0.0438,0.7071,-0.1047,0.2253,-0.1485
55,AGR,dp,16,14,"2026-07-14 01:46:33",200,33,0.5076,2.3401,6.3,0.7816,5.3334,5.67,0.274,2.9933,-0.63,0.228782,1.17984,0.951058,0.053503,0.062576,0.009073,0.098636,0.10695,0.101818,0.80214,0.799545,0.09091,0.008314,0.700322,-0.708635,208,187,-21,0.4818,0.0438,0.7317,0.0636,0.2499,0.0198
56,RANDOM,dp,16,14,"2026-07-14 01:48:29",200,33,0.5076,2.3401,6.3,0.5016,2.3231,4.52,-0.006,-0.017,-1.78,0.228782,0.32695,0.098168,0.053503,0.008953,-0.04455,0.098636,0.57718,0.101818,0.11409,0.799545,0.30872,0.478544,0.012272,-0.490825,208,149,-59,0.4818,0.0438,0.4982,0.0061,0.0164,-0.0377
57,OI,dp,16,15,"2026-07-14 01:51:27",200,33,0.5096,2.3302,5.91,0.7944,5.4117,5.58,0.2848,3.0815,-0.33,0.23043,1.50184,1.27141,0.043504,0.0147,-0.028804,0.104167,0.05435,0.096364,0.91304,0.79947,0.03261,-0.049817,0.816676,-0.76686,195,184,-11,0.4891,0.0354,0.7826,0.0145,0.2935,-0.0209
58,IR,dp,16,15,"2026-07-14 01:53:35",200,33,0.5096,2.3302,5.91,0.658,3.1521,4.85,0.1484,0.8219,-1.06,0.23043,0.453029,0.222599,0.043504,-0.123668,-0.167172,0.104167,0.44375,0.096364,0.2125,0.79947,0.34375,0.339583,0.116136,-0.45572,195,160,-35,0.4891,0.0354,0.7376,-0.125,0.2485,-0.1604
59,AGR,dp,16,15,"2026-07-14 01:56:24",200,33,0.5096,2.3302,5.91,0.7759,5.1365,5.42,0.2663,2.8063,-0.49,0.23043,1.27291,1.04248,0.043504,0.070883,0.027379,0.104167,0.12849,0.096364,0.77654,0.79947,0.09497,0.024323,0.680176,-0.7045,195,179,-16,0.4891,0.0354,0.7195,0.0738,0.2304,0.0384
60,RANDOM,dp,16,15,"2026-07-14 01:58:26",200,33,0.5096,2.3302,5.91,0.4953,2.2011,4.27,-0.0143,-0.1291,-1.64,0.23043,0.342037,0.111607,0.043504,-0.00522,-0.048724,0.104167,0.53901,0.096364,0.17021,0.79947,0.29078,0.434843,0.073846,-0.50869,195,141,-54,0.4891,0.0354,0.4964,-0.0076,0.0073,-0.043
61,OI,dp,16,16,"2026-07-14 02:01:32",200,33,0.5082,2.3362,6.21,0.8065,5.6657,5.82,0.2983,3.3295,-0.39,0.212375,1.89213,1.67975,0.024196,-0.005814,-0.03001,0.091061,0.05208,0.096212,0.91667,0.812727,0.03125,-0.038981,0.820458,-0.781477,205,192,-13,0.4974,0.0162,0.8115,-0.0058,0.3141,-0.022
62,IR,dp,16,16,"2026-07-14 02:03:35",200,33,0.5082,2.3362,6.21,0.6647,3.2187,5.03,0.1565,0.8825,-1.18,0.212375,0.378835,0.16646,0.024196,-0.102787,-0.126983,0.091061,0.46988,0.096212,0.13855,0.812727,0.39157,0.378819,0.042338,-0.421157,205,166,-39,0.4974,0.0162,0.7323,-0.105,0.2349,-0.1212
63,AGR,dp,16,16,"2026-07-14 02:06:36",200,33,0.5082,2.3362,6.21,0.7877,5.4651,5.79,0.2795,3.1289,-0.42,0.212375,1.22384,1.01146,0.024196,0.06872,0.044524,0.091061,0.11518,0.096212,0.76963,0.812727,0.11518,0.024119,0.673418,-0.697547,205,191,-14,0.4974,0.0162,0.7318,0.0754,0.2344,0.0592
64,RANDOM,dp,16,16,"2026-07-14 02:08:39",200,33,0.5082,2.3362,6.21,0.5,2.3199,4.67,-0.0082,-0.0163,-1.54,0.212375,0.310084,0.097709,0.024196,0.012832,-0.011364,0.091061,0.57792,0.096212,0.12338,0.812727,0.2987,0.486859,0.027168,-0.514027,205,154,-51,0.4974,0.0162,0.4971,0.0086,-0.0003,-0.0076
65,OI,dp,16,17,"2026-07-14 02:12:12",200,33,0.5048,2.3272,5.79,0.7936,5.4115,5.58,0.2888,3.0843,-0.21,0.239034,2.45431,2.21528,0.054904,-0.019788,-0.074692,0.096894,0.05978,0.112348,0.88043,0.790758,0.05978,-0.037114,0.768082,-0.730978,191,184,-7,0.4788,0.0492,0.8097,-0.0208,0.3309,-0.07
66,IR,dp,16,17,"2026-07-14 02:14:22",200,33,0.5048,2.3272,5.79,0.6446,3.0973,4.79,0.1398,0.7701,-1,0.239034,0.413124,0.17409,0.054904,-0.119751,-0.174655,0.096894,0.44937,0.112348,0.18987,0.790758,0.36076,0.352476,0.077522,-0.429998,191,158,-33,0.4788,0.0492,0.7192,-0.1171,0.2404,-0.1663
67,AGR,dp,16,17,"2026-07-14 02:17:16",200,33,0.5048,2.3272,5.79,0.7681,5.086,5.3,0.2633,2.7588,-0.49,0.239034,1.26537,1.02634,0.054904,0.060598,0.005694,0.096894,0.10286,0.112348,0.83429,0.790758,0.06286,0.005966,0.721942,-0.727898,191,175,-16,0.4788,0.0492,0.7198,0.0668,0.241,0.0176
68,RANDOM,dp,16,17,"2026-07-14 02:19:19",200,33,0.5048,2.3272,5.79,0.4651,2.1135,4.18,-0.0397,-0.2137,-1.61,0.239034,0.348572,0.109538,0.054904,0.007703,-0.047201,0.096894,0.56522,0.112348,0.13768,0.790758,0.2971,0.468326,0.025332,-0.493658,191,138,-53,0.4788,0.0492,0.4645,0.0006,-0.0143,-0.0486
73,OI,dp,16,19,"2026-07-14 02:47:03",200,33,0.5046,2.3209,6.27,0.7928,5.3459,5.52,0.2882,3.025,-0.75,0.22983,1.44258,1.21275,0.053857,-0.003688,-0.057545,0.095076,0.03846,0.107273,0.90659,0.797652,0.05495,-0.056616,0.799317,-0.742702,207,182,-25,0.4789,0.0462,0.7962,-0.0042,0.3173,-0.0504
74,IR,dp,16,19,"2026-07-14 02:49:05",200,33,0.5046,2.3209,6.27,0.6501,3.0925,4.64,0.1455,0.7716,-1.63,0.22983,0.491232,0.261402,0.053857,-0.127265,-0.181122,0.095076,0.43137,0.107273,0.22876,0.797652,0.33987,0.336294,0.121487,-0.457782,207,153,-54,0.4789,0.0462,0.7314,-0.1266,0.2525,-0.1728
75,AGR,dp,16,19,"2026-07-14 02:51:57",200,33,0.5046,2.3209,6.27,0.7869,5.3021,5.73,0.2823,2.9812,-0.54,0.22983,1.13319,0.90336,0.053857,0.054772,0.000915,0.095076,0.17989,0.107273,0.68783,0.797652,0.13228,0.084814,0.580557,-0.665372,207,189,-18,0.4789,0.0462,0.7417,0.0585,0.2628,0.0123
76,RANDOM,dp,16,19,"2026-07-14 02:54:00",200,33,0.5046,2.3209,6.27,0.4951,2.2766,4.3,-0.0095,-0.0443,-1.97,0.22983,0.349502,0.119672,0.053857,0.002786,-0.051071,0.095076,0.57042,0.107273,0.12676,0.797652,0.30282,0.475344,0.019487,-0.494832,207,142,-65,0.4789,0.0462,0.4942,-0.0005,0.0153,-0.0467
77,OI,dp,16,20,"2026-07-14 02:57:11",200,33,0.5061,2.333,6.09,0.8034,5.5624,5.7,0.2973,3.2294,-0.39,0.227469,2.4683,2.24083,0.047265,-0.001535,-0.0488,0.097424,0.03723,0.102424,0.93085,0.800152,0.03191,-0.060194,0.828426,-0.768242,201,188,-13,0.4838,0.0373,0.8048,-0.0008,0.321,-0.0381
78,IR,dp,16,20,"2026-07-14 02:59:11",200,33,0.5061,2.333,6.09,0.6587,3.1223,4.7,0.1526,0.7893,-1.39,0.227469,0.386267,0.158798,0.047265,-0.124126,-0.171391,0.097424,0.43226,0.102424,0.1871,0.800152,0.38065,0.334836,0.084676,-0.419502,201,155,-46,0.4838,0.0373,0.7392,-0.1286,0.2554,-0.1659
79,AGR,dp,16,20,"2026-07-14 03:02:05",200,33,0.5061,2.333,6.09,0.7837,5.306,5.67,0.2776,2.973,-0.42,0.227469,1.20815,0.980681,0.047265,0.061259,0.013994,0.097424,0.12299,0.102424,0.77005,0.800152,0.10695,0.025566,0.667626,-0.693202,201,187,-14,0.4838,0.0373,0.7344,0.0648,0.2506,0.0275
80,RANDOM,dp,16,20,"2026-07-14 03:04:05",200,33,0.5061,2.333,6.09,0.5,2.2807,4.58,-0.0061,-0.0523,-1.51,0.227469,0.345154,0.117685,0.047265,-0.022918,-0.070183,0.097424,0.54967,0.102424,0.15232,0.800152,0.29801,0.452246,0.049896,-0.502142,201,151,-50,0.4838,0.0373,0.5109,-0.016,0.0271,-0.0533
81,OI,dp,16,21,"2026-07-14 20:18:32",200,33,0.5034,2.3159,5.94,0.7953,5.5573,5.7,0.2919,3.2414,-0.24,0.229076,1.69355,1.46447,0.045684,-0.014068,-0.059752,0.097197,0.05319,0.104394,0.92021,0.798409,0.0266,-0.044007,0.815816,-0.771809,196,188,-8,0.482,0.0435,0.8076,-0.015,0.3256,-0.0585
82,IR,dp,16,21,"2026-07-14 20:20:42",200,33,0.5034,2.3159,5.94,0.6465,3.0385,4.67,0.1431,0.7226,-1.27,0.229076,0.44805,0.218974,0.045684,-0.11497,-0.160654,0.097197,0.44156,0.104394,0.20779,0.798409,0.35065,0.344363,0.103396,-0.447759,196,154,-42,0.482,0.0435,0.7195,-0.1142,0.2375,-0.1577
83,AGR,dp,16,21,"2026-07-14 20:23:33",200,33,0.5034,2.3159,5.94,0.7781,5.1605,5.42,0.2747,2.8446,-0.52,0.229076,1.19832,0.969244,0.045684,0.050877,0.005193,0.097197,0.08939,0.104394,0.81006,0.798409,0.10056,-0.007807,0.705666,-0.697849,196,179,-17,0.482,0.0435,0.7376,0.0552,0.2556,0.0117
84,RANDOM,dp,16,21,"2026-07-14 20:25:35",200,33,0.5034,2.3159,5.94,0.5019,2.3034,4.3,-0.0015,-0.0125,-1.64,0.229076,0.339921,0.110845,0.045684,-0.000076,-0.04576,0.097197,0.5493,0.104394,0.1338,0.798409,0.3169,0.452103,0.029406,-0.481509,196,142,-54,0.482,0.0435,0.5042,-0.0112,0.0222,-0.0547
85,OI,dp,16,22,"2026-07-14 20:28:30",200,33,0.505,2.3139,6.03,0.7831,5.2982,5.45,0.2781,2.9843,-0.58,0.232436,1.59514,1.3627,0.029436,-0.004616,-0.034052,0.104773,0.02778,0.097803,0.9,0.797424,0.07222,-0.076993,0.802197,-0.725204,199,180,-19,0.4914,0.0285,0.7873,-0.0043,0.2959,-0.0328
86,IR,dp,16,22,"2026-07-14 20:30:41",200,33,0.505,2.3139,6.03,0.6472,3.0821,4.82,0.1422,0.7682,-1.21,0.232436,0.433706,0.20127,0.029436,-0.137675,-0.167111,0.104773,0.4717,0.097803,0.18239,0.797424,0.34591,0.366927,0.084587,-0.451514,199,159,-40,0.4914,0.0285,0.7347,-0.1376,0.2433,-0.1661
87,AGR,dp,16,22,"2026-07-14 20:33:35",200,33,0.505,2.3139,6.03,0.7691,5.1206,5.39,0.2641,2.8067,-0.64,0.232436,1.38945,1.15701,0.029436,0.059855,0.030419,0.104773,0.10674,0.097803,0.82022,0.797424,0.07303,0.001967,0.722417,-0.724394,199,178,-21,0.4914,0.0285,0.7217,0.0639,0.2303,0.0354
88,RANDOM,dp,16,22,"2026-07-14 20:35:36",200,33,0.505,2.3139,6.03,0.4799,2.2286,4.21,-0.0251,-0.0853,-1.82,0.232436,0.354888,0.122452,0.029436,0.000723,-0.028713,0.104773,0.53957,0.097803,0.15108,0.797424,0.30935,0.434797,0.053277,-0.488074,199,139,-60,0.4914,0.0285,0.4791,-0.0036,-0.0123,-0.0321
89,OI,dp,16,23,"2026-07-14 20:37:57",200,33,0.5102,2.3411,5.58,0.7837,5.195,5.33,0.2735,2.8539,-0.25,0.231567,1.507,1.27543,0.037644,0.005396,-0.032248,0.11197,0.03977,0.087576,0.93182,0.800455,0.02841,-0.0722,0.844244,-0.772045,184,176,-8,0.4924,0.0342,0.78,0.0052,0.2876,-0.029
90,IR,dp,16,23,"2026-07-14 20:40:02",200,33,0.5102,2.3411,5.58,0.6517,3.0563,4.73,0.1415,0.7152,-0.85,0.231567,0.36453,0.132963,0.037644,-0.116084,-0.153728,0.11197,0.48077,0.087576,0.13462,0.800455,0.38462,0.3688,0.047044,-0.415835,184,156,-28,0.4924,0.0342,0.7267,-0.1178,0.2343,-0.152
91,AGR,dp,16,23,"2026-07-14 20:43:22",200,33,0.5102,2.3411,5.58,0.7775,5.1935,5.42,0.2673,2.8524,-0.16,0.231567,1.44409,1.21252,0.037644,0.052043,0.014399,0.11197,0.10615,0.087576,0.83799,0.800455,0.05587,-0.00582,0.750414,-0.744585,184,179,-5,0.4924,0.0342,0.7358,0.0555,0.2434,0.0213
92,RANDOM,dp,16,23,"2026-07-14 20:45:45",200,33,0.5102,2.3411,5.58,0.5072,2.3403,4.33,-0.003,-0.0008,-1.25,0.231567,0.306903,0.075336,0.037644,-0.005849,-0.043493,0.11197,0.54545,0.087576,0.12587,0.800455,0.32867,0.43348,0.038294,-0.471785,184,143,-41,0.4924,0.0342,0.5112,-0.0002,0.0188,-0.0344
93,OI,dp,16,24,"2026-07-14 20:49:02",200,33,0.5041,2.3174,6.15,0.7996,5.5348,5.7,0.2955,3.2174,-0.45,0.21414,2.1955,1.98136,0.027428,-0.007374,-0.034802,0.090379,0.06915,0.099091,0.87234,0.81053,0.05851,-0.021229,0.773249,-0.75202,203,188,-15,0.4918,0.0263,0.8064,-0.0085,0.3146,-0.0348
94,IR,dp,16,24,"2026-07-14 20:51:20",200,33,0.5041,2.3174,6.15,0.6575,3.1111,4.88,0.1534,0.7937,-1.27,0.21414,0.452869,0.238729,0.027428,-0.119218,-0.146646,0.090379,0.45963,0.099091,0.18012,0.81053,0.36025,0.369251,0.081029,-0.45028,203,161,-42,0.4918,0.0263,0.7332,-0.1179,0.2414,-0.1442
95,AGR,dp,16,24,"2026-07-14 20:54:15",200,33,0.5041,2.3174,6.15,0.7736,5.1574,5.58,0.2695,2.84,-0.57,0.21414,1.13827,0.92413,0.027428,0.060516,0.033088,0.090379,0.14674,0.099091,0.71739,0.81053,0.13587,0.056361,0.618299,-0.67466,203,184,-19,0.4918,0.0263,0.7255,0.0671,0.2337,0.0408
96,RANDOM,dp,16,24,"2026-07-14 20:56:16",200,33,0.5041,2.3174,6.15,0.4812,2.2343,4,-0.0229,-0.0831,-2.15,0.21414,0.329013,0.114873,0.027428,-0.002168,-0.029596,0.090379,0.55303,0.099091,0.11364,0.81053,0.33333,0.462651,0.014549,-0.4772,203,132,-71,0.4918,0.0263,0.4821,-0.0046,-0.0097,-0.0309
97,OI,dp,16,25,"2026-07-14 20:58:38",200,33,0.5062,2.3296,6.24,0.7982,5.4369,5.58,0.292,3.1073,-0.66,0.211934,2.04383,1.8319,0.030547,-0.00054,-0.031087,0.093939,0.05978,0.092727,0.90217,0.813333,0.03804,-0.034159,0.809443,-0.775293,206,184,-22,0.492,0.0303,0.7997,-0.0025,0.3077,-0.0328
98,IR,dp,16,25,"2026-07-14 21:00:51",200,33,0.5062,2.3296,6.24,0.6563,3.2297,5,0.1501,0.9001,-1.24,0.211934,0.459688,0.247754,0.030547,-0.115532,-0.146079,0.093939,0.45455,0.092727,0.18788,0.813333,0.35758,0.360611,0.095153,-0.455753,206,165,-41,0.492,0.0303,0.7303,-0.1129,0.2383,-0.1432
99,AGR,dp,16,25,"2026-07-14 21:03:45",200,33,0.5062,2.3296,6.24,0.7874,5.3713,5.7,0.2812,3.0417,-0.54,0.211934,1.07217,0.860236,0.030547,0.058068,0.027521,0.093939,0.13298,0.092727,0.76596,0.813333,0.10106,0.039041,0.673233,-0.712273,206,188,-18,0.492,0.0303,0.7403,0.064,0.2483,0.0337
100,RANDOM,dp,16,25,"2026-07-14 21:05:50",200,33,0.5062,2.3296,6.24,0.4954,2.2919,4.42,-0.0108,-0.0377,-1.82,0.211934,0.306385,0.094451,0.030547,0.007554,-0.022993,0.093939,0.5411,0.092727,0.13699,0.813333,0.32192,0.447161,0.044263,-0.491413,206,146,-60,0.492,0.0303,0.4938,0.0067,0.0018,-0.0236
101,OI,dp,16,26,"2026-07-14 21:08:16",200,33,0.5067,2.3246,5.88,0.7948,5.4221,5.55,0.2881,3.0975,-0.33,0.24695,2.83377,2.58682,0.044793,0.000919,-0.043874,0.095,0.04372,0.122121,0.91803,0.782879,0.03825,-0.05128,0.795909,-0.744629,194,183,-11,0.4853,0.0401,0.7947,0.0013,0.3094,-0.0388
102,IR,dp,16,26,"2026-07-14 21:10:21",200,33,0.5067,2.3246,5.88,0.6516,3.1199,4.58,0.1449,0.7953,-1.3,0.24695,0.506699,0.259749,0.044793,-0.109693,-0.154486,0.095,0.45695,0.122121,0.21192,0.782879,0.33113,0.36195,0.089799,-0.451749,194,151,-43,0.4853,0.0401,0.7223,-0.1072,0.237,-0.1473
103,AGR,dp,16,26,"2026-07-14 21:13:15",200,33,0.5067,2.3246,5.88,0.781,5.172,5.52,0.2743,2.8474,-0.36,0.24695,1.16467,0.91772,0.044793,0.059241,0.014448,0.095,0.13736,0.122121,0.74176,0.782879,0.12088,0.04236,0.619639,-0.661999,194,182,-12,0.4853,0.0401,0.7329,0.0645,0.2476,0.0244
104,RANDOM,dp,16,26,"2026-07-14 21:15:17",200,33,0.5067,2.3246,5.88,0.4722,2.1805,4.24,-0.0345,-0.1441,-1.64,0.24695,0.316248,0.069298,0.044793,0.011687,-0.033106,0.095,0.55714,0.122121,0.14286,0.782879,0.3,0.46214,0.020739,-0.482879,194,140,-54,0.4853,0.0401,0.4695,0.0056,-0.0158,-0.0345
105,OI,dp,16,27,"2026-07-14 21:18:57",200,33,0.5059,2.3272,6.36,0.8077,5.8309,6.03,0.3018,3.5037,-0.33,0.226357,1.60493,1.37857,0.056182,-0.012671,-0.068853,0.103864,0.0603,0.093333,0.8593,0.802803,0.0804,-0.043564,0.765967,-0.722403,210,199,-11,0.4786,0.0515,0.8177,-0.0135,0.3391,-0.065
106,IR,dp,16,27,"2026-07-14 21:21:08",200,33,0.5059,2.3272,6.36,0.6523,3.129,4.97,0.1464,0.8018,-1.39,0.226357,0.4509,0.224543,0.056182,-0.115977,-0.172159,0.103864,0.47561,0.093333,0.17683,0.802803,0.34756,0.371746,0.083497,-0.455243,210,164,-46,0.4786,0.0515,0.7242,-0.1112,0.2456,-0.1627
107,AGR,dp,16,27,"2026-07-14 21:23:58",200,33,0.5059,2.3272,6.36,0.7847,5.3083,5.67,0.2788,2.9811,-0.69,0.226357,1.06629,0.839933,0.056182,0.05152,-0.004662,0.103864,0.12834,0.093333,0.74332,0.802803,0.12834,0.024476,0.649987,-0.674463,210,187,-23,0.4786,0.0515,0.7426,0.0557,0.264,0.0042
108,RANDOM,dp,16,27,"2026-07-14 21:25:58",200,33,0.5059,2.3272,6.36,0.4899,2.2416,4.39,-0.016,-0.0856,-1.97,0.226357,0.307535,0.081178,0.056182,-0.016926,-0.073108,0.103864,0.57241,0.093333,0.11034,0.802803,0.31724,0.468546,0.017007,-0.485563,210,145,-65,0.4786,0.0515,0.5009,-0.0186,0.0223,-0.0701
109,OI,dp,16,28,"2026-07-14 21:28:13",200,33,0.4986,2.3002,5.76,0.786,5.2937,5.42,0.2874,2.9935,-0.34,0.217068,1.62341,1.40634,0.050781,-0.008289,-0.05907,0.100606,0.03352,0.089697,0.93296,0.809697,0.03352,-0.067086,0.843263,-0.776177,190,179,-11,0.4745,0.0474,0.7939,-0.0106,0.3194,-0.058
110,IR,dp,16,28,"2026-07-14 21:30:27",200,33,0.4986,2.3002,5.76,0.6561,3.1693,4.82,0.1575,0.8691,-0.94,0.217068,0.416458,0.19939,0.050781,-0.128893,-0.179674,0.100606,0.43396,0.089697,0.20755,0.809697,0.35849,0.333354,0.117853,-0.451207,190,159,-31,0.4745,0.0474,0.74,-0.1321,0.2655,-0.1795
111,AGR,dp,16,28,"2026-07-14 21:33:23",200,33,0.4986,2.3002,5.76,0.7699,5.0329,5.36,0.2713,2.7327,-0.4,0.217068,1.16172,0.944652,0.050781,0.067031,0.01625,0.100606,0.12994,0.089697,0.74576,0.809697,0.12429,0.029334,0.656063,-0.685407,190,177,-13,0.4745,0.0474,0.7164,0.0717,0.2419,0.0243
112,RANDOM,dp,16,28,"2026-07-14 21:35:20",200,33,0.4986,2.3002,5.76,0.4856,2.2349,4.18,-0.013,-0.0653,-1.58,0.217068,0.313834,0.096766,0.050781,0.002032,-0.048749,0.100606,0.55072,0.089697,0.12319,0.809697,0.32609,0.450114,0.033493,-0.483607,190,138,-52,0.4745,0.0474,0.4856,-0.0036,0.0111,-0.051
113,OI,dp,16,29,"2026-07-14 21:37:36",200,33,0.5038,2.327,5.88,0.7891,5.3051,5.45,0.2853,2.9781,-0.43,0.213245,1.5812,1.36795,0.04699,-0.013011,-0.060001,0.104924,0.04444,0.081288,0.91667,0.813788,0.03889,-0.060484,0.835382,-0.774898,194,180,-14,0.4812,0.0447,0.8002,-0.0143,0.319,-0.059
114,IR,dp,16,29,"2026-07-14 21:39:35",200,33,0.5038,2.327,5.88,0.6403,2.9776,4.48,0.1365,0.6506,-1.4,0.213245,0.494467,0.281222,0.04699,-0.117994,-0.164984,0.104924,0.39189,0.081288,0.27027,0.813788,0.33784,0.286966,0.188982,-0.475948,194,148,-46,0.4812,0.0447,0.7136,-0.1169,0.2324,-0.1616
115,AGR,dp,16,29,"2026-07-14 21:42:27",200,33,0.5038,2.327,5.88,0.7711,5.1448,5.45,0.2673,2.8178,-0.43,0.213245,1.08539,0.872145,0.04699,0.064655,0.017665,0.104924,0.09444,0.081288,0.78333,0.813788,0.12222,-0.010484,0.702042,-0.691568,194,180,-14,0.4812,0.0447,0.7198,0.0719,0.2386,0.0272
116,RANDOM,dp,16,29,"2026-07-14 21:44:28",200,33,0.5038,2.327,5.88,0.4933,2.2876,4.24,-0.0105,-0.0394,-1.64,0.213245,0.384077,0.170832,0.04699,-0.00231,-0.0493,0.104924,0.53571,0.081288,0.18571,0.813788,0.27857,0.430786,0.104422,-0.535218,194,140,-54,0.4812,0.0447,0.4948,-0.0033,0.0136,-0.048
117,OI,dp,16,30,"2026-07-14 21:46:51",200,33,0.5048,2.3207,5.88,0.7885,5.3825,5.48,0.2837,3.0618,-0.4,0.229268,1.91099,1.68172,0.038358,-0.013473,-0.051831,0.08697,0.02762,0.117348,0.9337,0.795682,0.03867,-0.05935,0.816352,-0.757012,194,181,-13,0.4864,0.0405,0.7997,-0.0168,0.3133,-0.0573
118,IR,dp,16,30,"2026-07-14 21:48:55",200,33,0.5048,2.3207,5.88,0.6551,3.0901,4.52,0.1503,0.7694,-1.36,0.229268,0.472216,0.242948,0.038358,-0.125964,-0.164322,0.08697,0.43624,0.117348,0.22148,0.795682,0.34228,0.34927,0.104132,-0.453402,194,149,-45,0.4864,0.0405,0.7362,-0.1274,0.2498,-0.1679
119,AGR,dp,16,30,"2026-07-14 21:51:56",200,33,0.5048,2.3207,5.88,0.7627,5.0163,5.3,0.2579,2.6956,-0.58,0.229268,1.34145,1.11218,0.038358,0.057949,0.019591,0.08697,0.11429,0.117348,0.81143,0.795682,0.07429,0.02732,0.694082,-0.721392,194,175,-19,0.4864,0.0405,0.7171,0.0618,0.2307,0.0213
120,RANDOM,dp,16,30,"2026-07-14 21:53:56",200,33,0.5048,2.3207,5.88,0.4701,2.2227,4.36,-0.0347,-0.098,-1.52,0.229268,0.303602,0.074334,0.038358,0.004108,-0.03425,0.08697,0.5625,0.117348,0.125,0.795682,0.3125,0.47553,0.007652,-0.483182,194,144,-50,0.4864,0.0405,0.4695,0.0016,-0.0169,-0.0389
121,OI,dp,16,31,"2026-07-14 21:56:14",200,33,0.5018,2.316,5.94,0.7884,5.2687,5.39,0.2866,2.9527,-0.55,0.216965,1.9046,1.68763,0.041385,0.004204,-0.037181,0.107576,0.02247,0.080076,0.9382,0.812348,0.03933,-0.085106,0.858124,-0.773018,196,178,-18,0.4829,0.0408,0.7861,0.0018,0.3032,-0.039
122,IR,dp,16,31,"2026-07-14 21:58:23",200,33,0.5018,2.316,5.94,0.6436,3.0911,4.97,0.1418,0.7751,-0.97,0.216965,0.421944,0.204979,0.041385,-0.121604,-0.162989,0.107576,0.44512,0.080076,0.21951,0.812348,0.33537,0.337544,0.139434,-0.476978,196,164,-32,0.4829,0.0408,0.7194,-0.1212,0.2365,-0.162
123,AGR,dp,16,31,"2026-07-14 22:01:27",200,33,0.5018,2.316,5.94,0.778,5.1387,5.58,0.2762,2.8227,-0.36,0.216965,1.15468,0.937715,0.041385,0.055055,0.01367,0.107576,0.14674,0.080076,0.71196,0.812348,0.1413,0.039164,0.631884,-0.671048,196,184,-12,0.4829,0.0408,0.7335,0.0602,0.2506,0.0194
124,RANDOM,dp,16,31,"2026-07-14 22:03:27",200,33,0.5018,2.316,5.94,0.4778,2.2246,4.12,-0.024,-0.0914,-1.82,0.216965,0.337272,0.120307,0.041385,-0.004776,-0.046161,0.107576,0.52941,0.080076,0.14706,0.812348,0.32353,0.421834,0.066984,-0.488818,196,136,-60,0.4829,0.0408,0.4812,-0.0028,-0.0017,-0.0436
125,OI,dp,16,32,"2026-07-15 03:13:04",200,33,0.4983,2.2964,5.97,0.7988,5.5006,5.67,0.3005,3.2042,-0.3,0.219546,1.81597,1.59642,0.03407,0.008973,-0.025097,0.096136,0.04278,0.097045,0.90374,0.806818,0.05348,-0.053356,0.806695,-0.753338,197,187,-10,0.4829,0.0303,0.7918,0.0106,0.3089,-0.0197
126,IR,dp,16,32,"2026-07-15 03:15:12",200,33,0.4983,2.2964,5.97,0.6549,3.0993,4.94,0.1566,0.8029,-1.03,0.219546,0.46967,0.250124,0.03407,-0.115283,-0.149353,0.096136,0.46626,0.097045,0.19632,0.806818,0.33742,0.370124,0.099275,-0.469398,197,163,-34,0.4829,0.0303,0.73,-0.1174,0.2471,-0.1477
127,AGR,dp,16,32,"2026-07-15 03:18:04",200,33,0.4983,2.2964,5.97,0.7751,5.1096,5.45,0.2768,2.8132,-0.52,0.219546,1.14317,0.923624,0.03407,0.059347,0.025277,0.096136,0.12222,0.097045,0.81111,0.806818,0.06667,0.026084,0.714065,-0.740148,197,180,-17,0.4829,0.0303,0.7277,0.0637,0.2448,0.0334
128,RANDOM,dp,16,32,"2026-07-15 03:19:59",200,33,0.4983,2.2964,5.97,0.4814,2.1738,4.09,-0.0169,-0.1226,-1.88,0.219546,0.280997,0.061451,0.03407,-0.011231,-0.045301,0.096136,0.57037,0.097045,0.07407,0.806818,0.35556,0.474234,-0.022975,-0.451258,197,135,-62,0.4829,0.0303,0.4898,-0.0207,0.0069,-0.051
129,OI,dp,16,33,"2026-07-15 03:22:12",200,33,0.5002,2.3086,5.97,0.7871,5.2679,5.42,0.2869,2.9593,-0.55,0.216912,1.81822,1.60131,0.044147,-0.00719,-0.051337,0.088636,0.04469,0.104242,0.89944,0.807121,0.05587,-0.043946,0.795198,-0.751251,197,179,-18,0.4792,0.0352,0.7942,-0.0091,0.315,-0.0443
130,IR,dp,16,33,"2026-07-15 03:24:11",200,33,0.5002,2.3086,5.97,0.6403,3.0151,4.76,0.1401,0.7065,-1.21,0.216912,0.401101,0.184189,0.044147,-0.124153,-0.1683,0.088636,0.45223,0.104242,0.19745,0.807121,0.35032,0.363594,0.093208,-0.456801,197,157,-40,0.4792,0.0352,0.7188,-0.1234,0.2396,-0.1586
131,AGR,dp,16,33,"2026-07-15 03:27:00",200,33,0.5002,2.3086,5.97,0.7826,5.3403,5.64,0.2824,3.0317,-0.33,0.216912,1.39198,1.17507,0.044147,0.051767,0.00762,0.088636,0.12903,0.104242,0.79032,0.807121,0.08065,0.040394,0.686078,-0.726471,197,186,-11,0.4792,0.0352,0.7403,0.056,0.2611,0.0208
132,RANDOM,dp,16,33,"2026-07-15 03:28:57",200,33,0.5002,2.3086,5.97,0.4832,2.2344,4.27,-0.017,-0.0742,-1.7,0.216912,0.365194,0.148282,0.044147,0.012376,-0.031771,0.088636,0.57447,0.104242,0.13475,0.807121,0.29078,0.485834,0.030508,-0.516341,197,141,-56,0.4792,0.0352,0.4802,0.0003,0.001,-0.0349
133,OI,dp,16,34,"2026-07-15 03:31:11",200,33,0.4991,2.301,5.88,0.7872,5.3501,5.52,0.2881,3.0491,-0.36,0.213111,1.81765,1.60454,0.034607,0.002771,-0.031836,0.099318,0.06593,0.088106,0.86813,0.812576,0.06593,-0.033388,0.780024,-0.746646,194,182,-12,0.4832,0.0323,0.7855,0.0037,0.3023,-0.0286
134,IR,dp,16,34,"2026-07-15 03:33:18",200,33,0.4991,2.301,5.88,0.6574,3.108,4.82,0.1583,0.807,-1.06,0.213111,0.422666,0.209555,0.034607,-0.115143,-0.14975,0.099318,0.43396,0.088106,0.22642,0.812576,0.33962,0.334642,0.138314,-0.472956,194,159,-35,0.4832,0.0323,0.7309,-0.1135,0.2477,-0.1458
135,AGR,dp,16,34,"2026-07-15 03:36:07",200,33,0.4991,2.301,5.88,0.7717,5.1908,5.55,0.2726,2.8898,-0.33,0.213111,1.28426,1.07115,0.034607,0.071392,0.036785,0.099318,0.13661,0.088106,0.74863,0.812576,0.11475,0.037292,0.660524,-0.697826,194,183,-11,0.4832,0.0323,0.7148,0.0765,0.2316,0.0442
136,RANDOM,dp,16,34,"2026-07-15 03:38:10",200,33,0.4991,2.301,5.88,0.4853,2.2233,4.42,-0.0138,-0.0777,-1.46,0.213111,0.303042,0.089931,0.034607,0.00571,-0.028897,0.099318,0.59589,0.088106,0.08904,0.812576,0.31507,0.496572,0.000934,-0.497506,194,146,-48,0.4832,0.0323,0.4848,0.0057,0.0016,-0.0266
137,OI,dp,16,35,"2026-07-15 03:40:26",200,33,0.502,2.319,5.94,0.7891,5.3681,5.52,0.2871,3.0491,-0.42,0.259764,1.35658,1.09682,0.030563,-0.01407,-0.044633,0.098939,0.06593,0.128333,0.89011,0.772727,0.04396,-0.033009,0.761777,-0.728767,196,182,-14,0.4879,0.0257,0.8005,-0.0162,0.3126,-0.0419
138,IR,dp,16,35,"2026-07-15 03:42:38",200,33,0.502,2.319,5.94,0.6422,3.0474,4.73,0.1402,0.7284,-1.21,0.259764,0.373708,0.113944,0.030563,-0.107711,-0.138274,0.098939,0.4359,0.128333,0.16026,0.772727,0.40385,0.336961,0.031927,-0.368877,196,156,-40,0.4879,0.0257,0.7118,-0.1089,0.2239,-0.1346
139,AGR,dp,16,35,"2026-07-15 03:45:30",200,33,0.502,2.319,5.94,0.7717,5.1628,5.55,0.2697,2.8438,-0.39,0.259764,1.06518,0.805416,0.030563,0.08211,0.051547,0.098939,0.13115,0.128333,0.73224,0.772727,0.13661,0.032211,0.603907,-0.636117,196,183,-13,0.4879,0.0257,0.7068,0.0885,0.2189,0.0628
140,RANDOM,dp,16,35,"2026-07-15 03:47:25",200,33,0.502,2.319,5.94,0.5085,2.3472,4.64,0.0065,0.0282,-1.3,0.259764,0.323553,0.063789,0.030563,-0.009549,-0.040112,0.098939,0.56209,0.128333,0.13725,0.772727,0.30065,0.463151,0.008917,-0.472077,196,153,-43,0.4879,0.0257,0.5136,-0.0114,0.0257,-0.0371
141,OI,dp,16,36,"2026-07-15 03:49:29",200,33,0.5067,2.3287,5.94,0.7876,5.2907,5.42,0.2809,2.962,-0.52,0.238909,1.67639,1.43748,0.038518,-0.008812,-0.04733,0.106364,0.02793,0.10053,0.93855,0.793106,0.03352,-0.078434,0.83802,-0.759586,196,179,-17,0.4888,0.0305,0.7947,-0.0081,0.3059,-0.0386
142,IR,dp,16,36,"2026-07-15 03:51:25",200,33,0.5067,2.3287,5.94,0.6706,3.2267,4.88,0.1639,0.898,-1.06,0.238909,0.477748,0.238839,0.038518,-0.113993,-0.152511,0.106364,0.45342,0.10053,0.20497,0.793106,0.34161,0.347056,0.10444,-0.451496,196,161,-35,0.4888,0.0305,0.7458,-0.1145,0.257,-0.145
143,AGR,dp,16,36,"2026-07-15 03:54:13",200,33,0.5067,2.3287,5.94,0.7846,5.237,5.55,0.2779,2.9083,-0.39,0.238909,1.20557,0.966661,0.038518,0.067185,0.028667,0.106364,0.12022,0.10053,0.77049,0.793106,0.10929,0.013856,0.66996,-0.683816,196,183,-13,0.4888,0.0305,0.7306,0.0704,0.2418,0.0399
144,RANDOM,dp,16,36,"2026-07-15 03:56:06",200,33,0.5067,2.3287,5.94,0.4888,2.2567,4.45,-0.0179,-0.072,-1.49,0.238909,0.297737,0.058828,0.038518,0.023597,-0.014921,0.106364,0.57143,0.10053,0.10884,0.793106,0.31973,0.465066,0.00831,-0.473376,196,147,-49,0.4888,0.0305,0.4802,0.0145,-0.0086,-0.016
145,OI,dp,16,37,"2026-07-15 04:01:37",200,33,0.5079,2.3182,5.94,0.8036,5.6166,5.76,0.2957,3.2984,-0.18,0.241972,1.6943,1.45233,0.043826,0.008415,-0.035411,0.100985,0.05263,0.110152,0.9,0.788864,0.04737,-0.048355,0.789848,-0.741494,196,190,-6,0.4868,0.0415,0.7973,0.0096,0.3105,-0.0319
146,IR,dp,16,37,"2026-07-15 04:03:37",200,33,0.5079,2.3182,5.94,0.6529,3.1119,4.94,0.145,0.7937,-1,0.241972,0.401434,0.159462,0.043826,-0.107487,-0.151313,0.100985,0.47239,0.110152,0.15951,0.788864,0.3681,0.371405,0.049358,-0.420764,196,163,-33,0.4868,0.0415,0.7218,-0.1084,0.235,-0.1499
147,AGR,dp,16,37,"2026-07-15 04:06:23",200,33,0.5079,2.3182,5.94,0.774,5.2023,5.55,0.2661,2.8841,-0.39,0.241972,1.1758,0.933828,0.043826,0.066832,0.023006,0.100985,0.09836,0.110152,0.77049,0.788864,0.13115,-0.002625,0.660338,-0.657714,196,183,-13,0.4868,0.0415,0.7214,0.0706,0.2346,0.0291
148,RANDOM,dp,16,37,"2026-07-15 04:08:24",200,33,0.5079,2.3182,5.94,0.5144,2.3261,4.3,0.0065,0.0079,-1.64,0.241972,0.309431,0.067459,0.043826,-0.007331,-0.051157,0.100985,0.51408,0.110152,0.15493,0.788864,0.33099,0.413095,0.044778,-0.457874,196,142,-54,0.4868,0.0415,0.5188,-0.0074,0.032,-0.0489
149,OI,dp,16,38,"2026-07-15 04:10:29",200,33,0.5013,2.317,5.88,0.7866,5.2678,5.42,0.2853,2.9508,-0.46,0.230609,1.30436,1.07375,0.04913,-0.003771,-0.052901,0.094697,0.02793,0.108636,0.9162,0.796667,0.05587,-0.066767,0.807564,-0.740797,194,179,-15,0.478,0.0404,0.7897,-0.0051,0.3117,-0.0455
150,IR,dp,16,38,"2026-07-15 04:12:28",200,33,0.5013,2.317,5.88,0.6412,3.0093,4.82,0.1399,0.6923,-1.06,0.230609,0.394628,0.164019,0.04913,-0.117534,-0.166664,0.094697,0.45283,0.108636,0.1761,0.796667,0.37107,0.358133,0.067464,-0.425597,194,159,-35,0.478,0.0404,0.7153,-0.1153,0.2373,-0.1557
151,AGR,dp,16,38,"2026-07-15 04:15:13",200,33,0.5013,2.317,5.88,0.7585,5.074,5.36,0.2572,2.757,-0.52,0.230609,1.33599,1.10538,0.04913,0.071502,0.022372,0.094697,0.11299,0.108636,0.78531,0.796667,0.10169,0.018293,0.676674,-0.694977,194,177,-17,0.478,0.0404,0.7033,0.0759,0.2253,0.0355
152,RANDOM,dp,16,38,"2026-07-15 04:17:13",200,33,0.5013,2.317,5.88,0.4843,2.2499,4.3,-0.017,-0.0671,-1.58,0.230609,0.349118,0.118509,0.04913,0.014369,-0.034761,0.094697,0.58451,0.108636,0.11972,0.796667,0.29577,0.489813,0.011084,-0.500897,194,142,-52,0.478,0.0404,0.4809,0.0048,0.0029,-0.0356
153,OI,dp,16,39,"2026-07-15 04:19:22",200,33,0.5013,2.3026,6.12,0.7968,5.5706,5.7,0.2955,3.268,-0.42,0.209706,1.46512,1.25541,0.041277,-0.010369,-0.051646,0.096667,0.03191,0.087803,0.92021,0.81553,0.04787,-0.064757,0.832407,-0.76766,202,188,-14,0.4815,0.0416,0.8055,-0.0129,0.324,-0.0545
154,IR,dp,16,39,"2026-07-15 04:21:51",200,33,0.5013,2.3026,6.12,0.6464,3.0355,4.58,0.1451,0.7329,-1.54,0.209706,0.488888,0.279182,0.041277,-0.128304,-0.169581,0.096667,0.43046,0.087803,0.22517,0.81553,0.34437,0.333793,0.137367,-0.47116,202,151,-51,0.4815,0.0416,0.7277,-0.1258,0.2462,-0.1674
155,AGR,dp,16,39,"2026-07-15 04:24:43",200,33,0.5013,2.3026,6.12,0.7865,5.28,5.64,0.2852,2.9774,-0.48,0.209706,1.09262,0.882914,0.041277,0.046314,0.005037,0.096667,0.13441,0.087803,0.7043,0.81553,0.16129,0.037743,0.616497,-0.65424,202,186,-16,0.4815,0.0416,0.7489,0.0513,0.2674,0.0097
156,RANDOM,dp,16,39,"2026-07-15 04:26:38",200,33,0.5013,2.3026,6.12,0.4917,2.2611,4.33,-0.0096,-0.0415,-1.79,0.209706,0.26996,0.060254,0.041277,0.003366,-0.037911,0.096667,0.53846,0.087803,0.11189,0.81553,0.34965,0.441793,0.024087,-0.46588,202,143,-59,0.4815,0.0416,0.4921,-0.0009,0.0106,-0.0425
157,OI,dp,16,40,"2026-07-15 04:28:51",200,33,0.5033,2.3268,5.82,0.7928,5.3587,5.48,0.2895,3.0319,-0.34,0.268836,1.72628,1.45744,0.04377,0.000817,-0.042953,0.099242,0.03867,0.135455,0.9337,0.765303,0.02762,-0.060572,0.798245,-0.737683,192,181,-11,0.4829,0.0381,0.7927,-0.0009,0.3098,-0.039
158,IR,dp,16,40,"2026-07-15 04:30:59",200,33,0.5033,2.3268,5.82,0.641,3.0257,4.79,0.1377,0.6989,-1.03,0.268836,0.395086,0.12625,0.04377,-0.130628,-0.174398,0.099242,0.46835,0.135455,0.17089,0.765303,0.36076,0.369108,0.035435,-0.404543,192,158,-34,0.4829,0.0381,0.723,-0.131,0.2401,-0.1691
159,AGR,dp,16,40,"2026-07-15 04:33:55",200,33,0.5033,2.3268,5.82,0.7542,4.9152,5.27,0.2509,2.5884,-0.55,0.268836,1.061,0.792164,0.04377,0.063044,0.019274,0.099242,0.13793,0.135455,0.75287,0.765303,0.1092,0.038688,0.617415,-0.656103,192,174,-18,0.4829,0.0381,0.7055,0.0686,0.2226,0.0305
160,RANDOM,dp,16,40,"2026-07-15 04:35:51",200,33,0.5033,2.3268,5.82,0.5049,2.2968,4.3,0.0016,-0.03,-1.52,0.268836,0.359868,0.091032,0.04377,-0.000113,-0.043883,0.099242,0.54225,0.135455,0.14085,0.765303,0.3169,0.443008,0.005395,-0.448403,192,142,-50,0.4829,0.0381,0.5088,-0.0035,0.0259,-0.0416
161,OI,dp,16,41,"2026-07-15 04:38:07",200,33,0.5032,2.3102,6.12,0.7937,5.6066,5.73,0.2905,3.2964,-0.39,0.213909,1.96975,1.75584,0.051028,-0.014145,-0.065173,0.09553,0.04762,0.092576,0.93651,0.811894,0.01587,-0.04791,0.843934,-0.796024,202,189,-13,0.4792,0.0459,0.805,-0.0151,0.3258,-0.061
162,IR,dp,16,41,"2026-07-15 04:40:19",200,33,0.5032,2.3102,6.12,0.6613,3.168,4.82,0.1581,0.8578,-1.3,0.213909,0.412494,0.198585,0.051028,-0.117174,-0.168202,0.09553,0.43396,0.092576,0.20755,0.811894,0.35849,0.33843,0.114974,-0.453404,202,159,-43,0.4792,0.0459,0.737,-0.119,0.2578,-0.1649
163,AGR,dp,16,41,"2026-07-15 04:43:10",200,33,0.5032,2.3102,6.12,0.7723,5.2512,5.67,0.2691,2.941,-0.45,0.213909,1.04817,0.834261,0.051028,0.064517,0.013489,0.09553,0.13904,0.092576,0.71123,0.811894,0.14973,0.04351,0.618654,-0.662164,202,187,-15,0.4792,0.0459,0.7215,0.0697,0.2423,0.0238
164,RANDOM,dp,16,41,"2026-07-15 04:45:05",200,33,0.5032,2.3102,6.12,0.4877,2.1988,4.15,-0.0155,-0.1114,-1.97,0.213909,0.32347,0.109561,0.051028,-0.009865,-0.060893,0.09553,0.52555,0.092576,0.16058,0.811894,0.31387,0.43002,0.068004,-0.498024,202,137,-65,0.4792,0.0459,0.4938,-0.0131,0.0146,-0.059
165,OI,dp,16,42,"2026-07-15 04:51:39",200,33,0.5017,2.3098,5.61,0.7788,5.0928,5.21,0.2771,2.783,-0.4,0.23397,2.37018,2.13621,0.04292,-0.008352,-0.051272,0.098939,0.0407,0.106667,0.92442,0.794394,0.03488,-0.058239,0.817753,-0.759514,185,172,-13,0.4814,0.0462,0.7861,-0.0095,0.3047,-0.0557
166,IR,dp,16,42,"2026-07-15 04:53:34",200,33,0.5017,2.3098,5.61,0.6358,2.9684,4.61,0.1341,0.6586,-1,0.23397,0.369646,0.135676,0.04292,-0.116629,-0.159549,0.098939,0.45395,0.106667,0.17105,0.794394,0.375,0.355011,0.064383,-0.419394,185,152,-33,0.4814,0.0462,0.7095,-0.1183,0.2281,-0.1645
167,AGR,dp,16,42,"2026-07-15 04:56:26",200,33,0.5017,2.3098,5.61,0.7708,4.9273,5.15,0.2691,2.6175,-0.46,0.23397,1.40303,1.16906,0.04292,0.079168,0.036248,0.098939,0.08824,0.106667,0.81765,0.794394,0.09412,-0.010699,0.710983,-0.700274,185,170,-15,0.4814,0.0462,0.7091,0.0836,0.2277,0.0374
168,RANDOM,dp,16,42,"2026-07-15 04:58:23",200,33,0.5017,2.3098,5.61,0.4736,2.1242,4.21,-0.0281,-0.1856,-1.4,0.23397,0.296541,0.062571,0.04292,-0.013683,-0.056603,0.098939,0.58273,0.106667,0.10791,0.794394,0.30935,0.483791,0.001243,-0.485044,185,139,-46,0.4814,0.0462,0.4818,-0.0141,0.0004,-0.0603
169,OI,dp,16,43,"2026-07-15 05:00:36",200,33,0.5002,2.3078,5.76,0.7799,5.2614,5.36,0.2797,2.9536,-0.4,0.25182,1.9362,1.68438,0.018933,0.01073,-0.008203,0.102348,0.05085,0.117273,0.9209,0.780379,0.02825,-0.051498,0.803627,-0.752129,190,177,-13,0.4918,0.0181,0.7721,0.0102,0.2803,-0.0079
170,IR,dp,16,43,"2026-07-15 05:02:43",200,33,0.5002,2.3078,5.76,0.6354,3.0158,4.61,0.1352,0.708,-1.15,0.25182,0.428065,0.176245,0.018933,-0.121204,-0.140137,0.102348,0.46053,0.117273,0.20395,0.780379,0.33553,0.358182,0.086677,-0.444849,190,152,-38,0.4918,0.0181,0.7118,-0.1211,0.22,-0.1392
171,AGR,dp,16,43,"2026-07-15 05:05:40",200,33,0.5002,2.3078,5.76,0.7696,5.145,5.48,0.2694,2.8372,-0.28,0.25182,1.1872,0.93538,0.018933,0.064371,0.045438,0.102348,0.1326,0.117273,0.74033,0.780379,0.12707,0.030252,0.623057,-0.653309,190,181,-9,0.4918,0.0181,0.7185,0.0717,0.2267,0.0536
172,RANDOM,dp,16,43,"2026-07-15 05:07:39",200,33,0.5002,2.3078,5.76,0.4708,2.2265,4.27,-0.0294,-0.0813,-1.49,0.25182,0.295445,0.043625,0.018933,0.015817,-0.003116,0.102348,0.5461,0.117273,0.12057,0.780379,0.33333,0.443752,0.003297,-0.447049,190,141,-49,0.4918,0.0181,0.4659,0.008,-0.0259,-0.0101
173,OI,dp,16,44,"2026-07-15 05:09:47",200,33,0.503,2.3018,5.97,0.7904,5.4075,5.55,0.2874,3.1057,-0.42,0.227843,2.35934,2.1315,0.051516,-0.000231,-0.051747,0.094318,0.04372,0.10697,0.89071,0.798712,0.06557,-0.050598,0.78374,-0.733142,197,183,-14,0.4783,0.0456,0.7912,-0.0012,0.3129,-0.0468
174,IR,dp,16,44,"2026-07-15 05:11:56",200,33,0.503,2.3018,5.97,0.6504,3.088,4.82,0.1474,0.7862,-1.15,0.227843,0.442128,0.214285,0.051516,-0.13393,-0.185446,0.094318,0.44654,0.10697,0.20755,0.798712,0.34591,0.352222,0.10058,-0.452802,197,159,-38,0.4783,0.0456,0.7348,-0.1357,0.2565,-0.1813
175,AGR,dp,16,44,"2026-07-15 05:15:00",200,33,0.503,2.3018,5.97,0.7575,5.0281,5.39,0.2545,2.7263,-0.58,0.227843,1.05717,0.829327,0.051516,0.069113,0.017597,0.094318,0.13483,0.10697,0.74157,0.798712,0.1236,0.040512,0.6346,-0.675112,197,178,-19,0.4783,0.0456,0.7038,0.0721,0.2255,0.0265
176,RANDOM,dp,16,44,"2026-07-15 05:17:04",200,33,0.503,2.3018,5.97,0.4928,2.2474,4.33,-0.0102,-0.0544,-1.64,0.227843,0.388924,0.161081,0.051516,0.006527,-0.044989,0.094318,0.55944,0.10697,0.13287,0.798712,0.30769,0.465122,0.0259,-0.491022,197,143,-54,0.4783,0.0456,0.4909,0.0008,0.0126,-0.0448
177,OI,dp,16,45,"2026-07-15 05:19:21",200,33,0.5068,2.3451,5.85,0.7843,5.242,5.36,0.2775,2.8969,-0.49,0.261414,2.1028,1.84139,0.049195,-0.01966,-0.068855,0.096818,0.0339,0.1325,0.93785,0.770682,0.02825,-0.062918,0.80535,-0.742432,193,177,-16,0.4832,0.0445,0.8003,-0.0216,0.3171,-0.0661
178,IR,dp,16,45,"2026-07-15 05:21:32",200,33,0.5068,2.3451,5.85,0.6512,3.091,4.7,0.1444,0.7459,-1.15,0.261414,0.4415,0.180086,0.049195,-0.128626,-0.177821,0.096818,0.43871,0.1325,0.19355,0.770682,0.36774,0.341892,0.06105,-0.402942,193,155,-38,0.4832,0.0445,0.7327,-0.127,0.2495,-0.1715
179,AGR,dp,16,45,"2026-07-15 05:24:24",200,33,0.5068,2.3451,5.85,0.7814,5.2048,5.45,0.2746,2.8597,-0.4,0.261414,1.19104,0.929626,0.049195,0.059018,0.009823,0.096818,0.09444,0.1325,0.81111,0.770682,0.09444,-0.002378,0.67861,-0.676242,193,180,-13,0.4832,0.0445,0.7342,0.0646,0.251,0.0201
180,RANDOM,dp,16,45,"2026-07-15 05:26:23",200,33,0.5068,2.3451,5.85,0.49,2.3077,4.39,-0.0168,-0.0374,-1.46,0.261414,0.305267,0.043853,0.049195,0.006217,-0.042978,0.096818,0.53103,0.1325,0.15172,0.770682,0.31724,0.434212,0.01922,-0.453442,193,145,-48,0.4832,0.0445,0.4879,0.0031,0.0047,-0.0414
181,OI,dp,16,46,"2026-07-15 05:28:32",200,33,0.4956,2.2819,5.97,0.7871,5.1802,5.33,0.2915,2.8983,-0.64,0.248138,1.67368,1.42554,0.050861,-0.003434,-0.054295,0.101288,0.03977,0.115909,0.90909,0.782803,0.05114,-0.061518,0.793181,-0.731663,197,176,-21,0.4712,0.0473,0.7911,-0.0059,0.3199,-0.0532
182,IR,dp,16,46,"2026-07-15 05:30:45",200,33,0.4956,2.2819,5.97,0.6528,3.0661,4.64,0.1572,0.7842,-1.33,0.248138,0.459111,0.210973,0.050861,-0.123669,-0.17453,0.101288,0.47059,0.115909,0.17647,0.782803,0.35294,0.369302,0.060561,-0.429863,197,153,-44,0.4712,0.0473,0.7324,-0.1272,0.2612,-0.1745
183,AGR,dp,16,46,"2026-07-15 05:33:41",200,33,0.4956,2.2819,5.97,0.7718,5.1151,5.52,0.2762,2.8332,-0.45,0.248138,1.0299,0.781762,0.050861,0.056545,0.005684,0.101288,0.14286,0.115909,0.75824,0.782803,0.0989,0.041572,0.642331,-0.683903,197,182,-15,0.4712,0.0473,0.7264,0.0602,0.2552,0.0129
184,RANDOM,dp,16,46,"2026-07-15 05:35:44",200,33,0.4956,2.2819,5.97,0.486,2.2349,4.33,-0.0096,-0.047,-1.64,0.248138,0.328073,0.079935,0.050861,0.014175,-0.036686,0.101288,0.57343,0.115909,0.13287,0.782803,0.29371,0.472142,0.016961,-0.489093,197,143,-54,0.4712,0.0473,0.483,-0.0027,0.0118,-0.05
185,OI,dp,16,47,"2026-07-15 05:52:06",200,33,0.5007,2.3104,6.21,0.794,5.4914,5.67,0.2933,3.181,-0.54,0.215404,2.47092,2.25552,0.043662,-0.014849,-0.058511,0.09803,0.05348,0.091061,0.86631,0.810909,0.08021,-0.04455,0.775249,-0.730699,205,187,-18,0.4805,0.0381,0.8067,-0.0151,0.3262,-0.0532
186,IR,dp,16,47,"2026-07-15 05:54:04",200,33,0.5007,2.3104,6.21,0.649,3.0908,5.06,0.1483,0.7804,-1.15,0.215404,0.39724,0.181836,0.043662,-0.133519,-0.177181,0.09803,0.47904,0.091061,0.16766,0.810909,0.35329,0.38101,0.076599,-0.457619,205,167,-38,0.4805,0.0381,0.7342,-0.1332,0.2537,-0.1713
187,AGR,dp,16,47,"2026-07-15 05:56:55",200,33,0.5007,2.3104,6.21,0.7797,5.1367,5.55,0.279,2.8263,-0.66,0.215404,1.17508,0.959676,0.043662,0.065346,0.021684,0.09803,0.14208,0.091061,0.71585,0.810909,0.14208,0.04405,0.624789,-0.668829,205,183,-22,0.4805,0.0381,0.727,0.0705,0.2465,0.0324
188,RANDOM,dp,16,47,"2026-07-15 05:58:49",200,33,0.5007,2.3104,6.21,0.5094,2.3292,4.36,0.0087,0.0188,-1.85,0.215404,0.345119,0.129715,0.043662,0.003823,-0.039839,0.09803,0.54167,0.091061,0.15972,0.810909,0.29861,0.44364,0.068659,-0.512299,205,144,-61,0.4805,0.0381,0.5102,0.0021,0.0297,-0.036
189,OI,dp,16,48,"2026-07-15 06:01:05",200,33,0.5019,2.3149,5.94,0.7914,5.3311,5.45,0.2895,3.0162,-0.49,0.249495,2.66335,2.41386,0.036724,-0.006316,-0.04304,0.097197,0.03889,0.12197,0.92222,0.780833,0.03889,-0.058307,0.80025,-0.741943,196,180,-16,0.4848,0.0334,0.7973,-0.0074,0.3125,-0.0408
190,IR,dp,16,48,"2026-07-15 06:03:18",200,33,0.5019,2.3149,5.94,0.645,3.0971,4.67,0.1431,0.7822,-1.27,0.249495,0.457443,0.207948,0.036724,-0.119708,-0.156432,0.097197,0.44156,0.12197,0.20779,0.780833,0.35065,0.344363,0.08582,-0.430183,196,154,-42,0.4848,0.0334,0.7202,-0.1182,0.2354,-0.1516
191,AGR,dp,16,48,"2026-07-15 06:06:08",200,33,0.5019,2.3149,5.94,0.769,5.0791,5.45,0.2671,2.7642,-0.49,0.249495,1.13078,0.881285,0.036724,0.043746,0.007022,0.097197,0.13889,0.12197,0.73333,0.780833,0.12778,0.041693,0.61136,-0.653053,196,180,-16,0.4848,0.0334,0.7339,0.0473,0.2491,0.0139
192,RANDOM,dp,16,48,"2026-07-15 06:08:07",200,33,0.5019,2.3149,5.94,0.4777,2.2135,4.36,-0.0242,-0.1014,-1.58,0.249495,0.267576,0.018081,0.036724,-0.002689,-0.039413,0.097197,0.55556,0.12197,0.13194,0.780833,0.3125,0.458363,0.00997,-0.468333,196,144,-52,0.4848,0.0334,0.4814,-0.0099,-0.0034,-0.0433
193,OI,dp,16,49,"2026-07-15 06:10:20",200,33,0.5092,2.3369,6.15,0.8005,5.6111,5.85,0.2913,3.2742,-0.3,0.207322,1.39973,1.19241,0.056231,-0.009533,-0.065764,0.090152,0.08808,0.093258,0.83938,0.816591,0.07254,-0.002072,0.746122,-0.744051,203,193,-10,0.4824,0.0515,0.8092,-0.0112,0.3268,-0.0627
194,IR,dp,16,49,"2026-07-15 06:12:28",200,33,0.5092,2.3369,6.15,0.6478,3.074,4.76,0.1386,0.7371,-1.39,0.207322,0.454524,0.247202,0.056231,-0.12602,-0.182251,0.090152,0.45223,0.093258,0.19108,0.816591,0.35669,0.362078,0.097822,-0.459901,203,157,-46,0.4824,0.0515,0.7276,-0.1275,0.2452,-0.179
195,AGR,dp,16,49,"2026-07-15 06:15:27",200,33,0.5092,2.3369,6.15,0.7709,5.1186,5.45,0.2617,2.7817,-0.7,0.207322,1.05367,0.846348,0.056231,0.052016,-0.004215,0.090152,0.11111,0.093258,0.77222,0.816591,0.11667,0.020958,0.678962,-0.699921,203,180,-23,0.4824,0.0515,0.7292,0.0576,0.2468,0.0061
196,RANDOM,dp,16,49,"2026-07-15 06:17:26",200,33,0.5092,2.3369,6.15,0.5009,2.3544,4.61,-0.0083,0.0175,-1.54,0.207322,0.341693,0.134371,0.056231,-0.000599,-0.05683,0.090152,0.54605,0.093258,0.16447,0.816591,0.28947,0.455898,0.071212,-0.527121,203,152,-51,0.4824,0.0515,0.5024,-0.0025,0.02,-0.054
197,OI,dp,16,50,"2026-07-15 06:19:39",200,33,0.5078,2.3191,6.15,0.796,5.6078,5.79,0.2882,3.2887,-0.36,0.227635,1.67314,1.44551,0.051533,0.008873,-0.04266,0.102803,0.06806,0.095758,0.86387,0.801439,0.06806,-0.034743,0.768112,-0.733379,203,191,-12,0.4833,0.0453,0.7895,0.0101,0.3062,-0.0352
198,IR,dp,16,50,"2026-07-15 06:21:51",200,33,0.5078,2.3191,6.15,0.6563,3.1274,4.91,0.1485,0.8083,-1.24,0.227635,0.405589,0.177954,0.051533,-0.120185,-0.171718,0.102803,0.47531,0.095758,0.18519,0.801439,0.33951,0.372507,0.089432,-0.461929,203,162,-41,0.4833,0.0453,0.7321,-0.1202,0.2488,-0.1655
199,AGR,dp,16,50,"2026-07-15 06:24:45",200,33,0.5078,2.3191,6.15,0.7836,5.2352,5.64,0.2758,2.9161,-0.51,0.227635,1.13417,0.906535,0.051533,0.067643,0.01611,0.102803,0.13441,0.095758,0.74731,0.801439,0.11828,0.031607,0.651552,-0.683159,203,186,-17,0.4833,0.0453,0.7294,0.0725,0.2461,0.0272
200,RANDOM,dp,16,50,"2026-07-15 06:26:45",200,33,0.5078,2.3191,6.15,0.466,2.1169,4.27,-0.0418,-0.2022,-1.88,0.227635,0.288051,0.060416,0.051533,0.028082,-0.023451,0.102803,0.58865,0.095758,0.09929,0.801439,0.31206,0.485847,0.003532,-0.489379,203,141,-62,0.4833,0.0453,0.4576,0.0107,-0.0257,-0.0346
201,OI,dp,16,18,"2026-07-15 06:28:53",200,33,0.5046,2.3283,5.79,0.7824,5.3745,5.52,0.2778,3.0462,-0.27,0.233049,2.26432,2.03127,0.032673,-0.003808,-0.036481,0.101515,0.04945,0.101439,0.89011,0.797045,0.06044,-0.052065,0.788671,-0.736605,191,182,-9,0.4895,0.0295,0.7865,-0.0066,0.297,-0.0361
202,IR,dp,16,18,"2026-07-15 06:31:00",200,33,0.5046,2.3283,5.79,0.6464,3.0761,4.73,0.1418,0.7478,-1.06,0.233049,0.433192,0.200143,0.032673,-0.118414,-0.151087,0.101515,0.46154,0.101439,0.17949,0.797045,0.35897,0.360025,0.078051,-0.438075,191,156,-35,0.4895,0.0295,0.723,-0.1213,0.2335,-0.1508
203,AGR,dp,16,18,"2026-07-15 06:33:50",200,33,0.5046,2.3283,5.79,0.7634,5.0183,5.15,0.2588,2.69,-0.64,0.233049,1.62967,1.39662,0.032673,0.074837,0.042164,0.101515,0.07059,0.101439,0.86471,0.797045,0.06471,-0.030925,0.763271,-0.732335,191,170,-21,0.4895,0.0295,0.7056,0.0819,0.2161,0.0524
204,RANDOM,dp,16,18,"2026-07-15 06:35:46",200,33,0.5046,2.3283,5.79,0.503,2.2823,4.33,-0.0016,-0.046,-1.46,0.233049,0.282119,0.04907,0.032673,0.012718,-0.019955,0.101515,0.53846,0.101439,0.12587,0.797045,0.33566,0.436945,0.024431,-0.461385,191,143,-48,0.4895,0.0295,0.4968,0.0121,0.0073,-0.0174
